trial,span-norm,depth-norm,theta-norm,opt-span-norm,opt-depth-norm,opt-theta-norm,Differance
barrett_1_noRotate_up,-0.023,0.357,2.386,0,0.357,0,0.0646435559525847
barrett_2_noRotate_up,-0.008,0.335,4.673,0,0.335,0,0.08955923594569501
barrett_1_noRotate_up-right,0.128,0.113,0,0.137,0.098,0,0.017492855684535905
barrett_2_noRotate_up-right,0.126,0.228,4.673,0.26,0.186,0,0.2219871533980307
barrett_1_noRotate_right,0.553,0.007,1.169,0.553,0,0,0.02740289895581371
barrett_2_noRotate_right,0.477,-0.031,3.555,0.477,0,0,0.09304645490839843
barrett_1_noRotate_down-right,0.697,-0.617,0,0.754,0.54,0,1.1584032113215157
barrett_2_noRotate_down-right,0.572,-0.345,1.169,0.578,0.414,0,0.7794266140003436
barrett_1_noRotate_down,0.009,-0.276,0,0,-0.276,0,0.009
barrett_2_noRotate_down,-0.017,-0.337,4.581,0,-0.337,0,0.09695353303386024
barrett_1_noRotate_down-left,-0.71,-0.45,2.284,0.722,0.517,0,1.7677849039844482
barrett_2_noRotate_down-left,-0.66,-0.609,2.338,0.721,0.516,0,1.8220373943077839
barrett_1_noRotate_left,-0.505,-0.074,4.574,-0.505,0,0,0.15383135998622063
barrett_2_noRotate_left,-0.5,-0.367,20.842,-0.5,0,0,0.7307615227006581
barrett_1_noRotate_up-left,-0.167,0.138,2.386,0.174,0.125,0,0.38289126656761574
barrett_2_noRotate_up-left,-0.211,0.155,5.826,0.23,0.165,0,0.5427962463352233
barrett_1_noRotate_rotate-clockwise,-0.08,-0.073,16.26,0,0,16.26,0.10830050784737807
barrett_2_noRotate_rotate-clockwise,0.152,-0.095,31.855,0,0,31.855,0.17924564150907546
barrett_1_noRotate_rotate-counterClockwise,-0.031,-0.037,14.292,0,0,14.292,0.048270073544588676
barrett_2_noRotate_rotate-counterClockwise,-0.168,-0.049,23.275,0,0,23.275,0.17500000000000002
barrett_1_rotateLeft_up,-0.025,0.175,0,0,0.175,15,0.28679938779914943
barrett_2_rotateLeft_up,0.044,0.264,0,0,0.264,15,0.3057993877991494
barrett_1_rotateLeft_up-right,0.188,0.12,2.388,0.294,0.21,15,0.35917487162767436
barrett_2_rotateLeft_up-right,0.24,0.097,5.743,0.246,0.176,15,0.2407926493282241
barrett_1_rotateLeft_right,0.553,-0.151,1.169,0.553,0,15,0.3923964888433357
barrett_2_rotateLeft_right,0.589,-0.143,4.657,0.589,0,15,0.3235194045337735
barrett_1_rotateLeft_down-right,0.714,-0.54,1.219,0.725,0.519,15,1.2995809520437842
barrett_2_rotateLeft_down-right,0.64,-0.431,3.555,0.665,0.476,15,1.10709740992249
barrett_1_rotateLeft_down,-0.03,-0.244,1.169,0,-0.244,15,0.2713964888433357
barrett_2_rotateLeft_down,0.066,-0.342,1.217,0,-0.342,15,0.30655873080237844
barrett_1_rotateLeft_down-left,-0.753,-0.374,4.607,0.705,0.505,15,1.8838623332172666
barrett_2_rotateLeft_down-left,-0.755,-0.35,5.826,0.692,0.495,15,1.8357757788193907
barrett_1_rotateLeft_left,-0.571,-0.053,1.169,-0.571,0,15,0.29439648884333575
barrett_2_rotateLeft_left,-0.566,-0.072,1.169,-0.566,0,15,0.3133964888433357
barrett_1_rotateLeft_up-left,-0.134,0.152,7.125,0.211,0.151,15,0.4824461278668717
barrett_2_rotateLeft_up-left,-0.201,0.194,2.334,0.226,0.162,15,0.6492607874494264
barrett_1_rotateRight_up,0.02,0.127,5.956,0,0.127,15,0.17784757755036712
barrett_2_rotateRight_up,0.065,0.23,2.386,0,0.23,15,0.2851558318465647
barrett_1_rotateRight_up-right,0.072,0.159,17.021,0.174,0.125,15,0.14279054462853033
barrett_2_rotateRight_up-right,0.077,0.202,3.405,0.201,0.144,15,0.3392650464379234
barrett_1_rotateRight_right,0.565,0.003,1.169,0.565,0,15,0.24439648884333573
barrett_2_rotateRight_right,0.546,-0.068,12.794,0.546,0,15,0.10650196329899492
barrett_1_rotateRight_down-right,0.717,-0.585,1.169,0.746,0.534,15,1.3607722077152433
barrett_2_rotateRight_down-right,0.521,-0.397,9.462,0.531,0.38,15,0.8737206813753252
barrett_1_rotateRight_down,-0.013,-0.127,1.169,0,-0.127,15,0.2543964888433357
barrett_2_rotateRight_down,-0.045,-0.28,2.386,0,-0.28,15,0.2651558318465647
barrett_1_rotateRight_down-left,-0.619,-0.661,2.292,0.723,0.517,15,2.0074750238436607
barrett_2_rotateRight_down-left,-0.421,-0.518,15.091,0.544,0.389,15,1.325927330066615
barrett_1_rotateRight_left,-0.45,0.028,1.169,-0.45,0,15,0.2693964888433357
barrett_2_rotateRight_left,-0.662,-0.191,2.291,-0.662,0,15,0.4128138946359593
barrett_1_rotateRight_up-left,-0.179,0.127,2.338,0.181,0.129,15,0.5809991454002112
barrett_2_rotateRight_up-left,-0.225,0.196,4.574,0.364,0.26,15,0.7744349045241927
modelO-rubber_1_noRotate_up,-0.095,0.371,0.04,0,0.371,0,0.09569813170079773
modelO-rubber_2_noRotate_up,0,0.292,4.764,0,0.292,0,Differance
modelO-rubber_1_noRotate_up-right,0.175,0.258,2.489,0.281,0.16,0,0.18780190454308762
modelO-rubber_2_noRotate_up-right,0.243,0.343,0.04,0.419,0.239,0,0.20512904912768795
modelO-rubber_1_noRotate_right,0.729,-0.155,16.927,0.729,0,0,0.45043188248508015
modelO-rubber_2_noRotate_right,0.686,0.08,7.291,0.686,0,0,0.20725195576290656
modelO-rubber_1_noRotate_down-right,0.961,-0.362,19.179,0.909,0.518,0,1.2162717220688417
modelO-rubber_2_noRotate_down-right,0.955,-0.056,26.461,0.848,0.483,0,1.0113495439589892
modelO-rubber_1_noRotate_down,0.025,-0.519,0.04,0,-0.519,0,0.025698131700797735
modelO-rubber_2_noRotate_down,-0.07,-0.344,0.04,0,-0.344,0,0.07069813170079774
modelO-rubber_1_noRotate_down-left,-1.279,-0.104,39.067,1.093,0.622,0,3.1624646376438146
modelO-rubber_2_noRotate_down-left,-1.355,-0.073,43.831,1.155,0.658,0,3.3792754713054665
modelO-rubber_1_noRotate_left,-0.98,-0.009,11.768,-0.98,0,0,0.21439034637469273
modelO-rubber_2_noRotate_left,-0.722,0.14,11.768,-0.722,0,0,0.34539034637469274
modelO-rubber_1_noRotate_up-left,-0.338,0.169,0.02,0.707,0.402,0,1.0710096096269965
modelO-rubber_2_noRotate_up-left,-0.354,0.156,10.408,0.471,0.268,0,1.0142215835113437
modelO-rubber_1_noRotate_rotate-clockwise,0.096,0.169,26.565,0,0,26.565,0.19436306233438494
modelO-rubber_2_noRotate_rotate-clockwise,-0.186,-0.043,24.811,0,0,24.811,0.19090573590125573
modelO-rubber_1_noRotate_rotate-counterClockwise,0.008,-0.03,25.017,0,0,25.017,0.031048349392520047
modelO-rubber_2_noRotate_rotate-counterClockwise,-0.141,0.042,31.805,0,0,31.805,0.14712239802287072
modelO-rubber_1_rotateLeft_up,-0.026,0.261,1.169,0,0.261,15,0.2673964888433357
modelO-rubber_2_rotateLeft_up,-0.018,0.158,1.27,0,0.158,15,0.25763370629882143
modelO-rubber_1_rotateLeft_up-right,0.196,0.14,1.169,0.254,0.145,15,0.29961160715464724
modelO-rubber_2_rotateLeft_up-right,0.386,0.214,0,0.388,0.221,15,0.2690794976884299
modelO-rubber_1_rotateLeft_right,0.607,0.171,0.04,0.607,0,15,0.4321012560983517
modelO-rubber_2_rotateLeft_right,0.852,-0.011,10.84,0.852,0,15,0.08360569688296413
modelO-rubber_1_rotateLeft_down-right,1.221,-0.239,32.916,1.065,0.606,15,1.1719725380096626
modelO-rubber_2_rotateLeft_down-right,1.37,-0.01,36.87,1.175,0.669,15,1.0881495421512524
modelO-rubber_1_rotateLeft_down,-0.004,-0.416,6.995,0,-0.416,15,0.14371360662214608
modelO-rubber_2_rotateLeft_down,-0.028,-0.362,4.574,0,-0.362,15,0.2099680278129288
modelO-rubber_1_rotateLeft_down-left,-1.314,-0.08,38.882,1.126,0.641,15,2.961115308792274
modelO-rubber_2_rotateLeft_down-left,-1.105,-0.191,28.142,1.119,0.637,15,2.6025041206393213
modelO-rubber_1_rotateLeft_left,-0.672,-0.005,11.483,-0.672,0,15,0.06638322979264055
modelO-rubber_2_rotateLeft_left,-0.859,-0.111,9.511,-0.859,0,15,0.2068011226419688
modelO-rubber_1_rotateLeft_up-left,-0.217,0.029,1.219,0.25,0.142,15,0.7210006706938363
modelO-rubber_2_rotateLeft_up-left,-0.32,0.081,8.454,0.349,0.199,15,0.793576125555891
modelO-rubber_1_rotateRight_up,-0.036,0.146,1.27,0,0.146,15,0.27563370629882145
modelO-rubber_2_rotateRight_up,0.01,0.273,2.438,0,0.273,15,0.2292482606355277
modelO-rubber_1_rotateRight_up-right,0.128,0.134,1.219,0.346,0.197,15,0.46744451520870667
modelO-rubber_2_rotateRight_up-right,0.195,0.226,4.673,0.298,0.17,15,0.29747922383886377
modelO-rubber_1_rotateRight_right,0.593,0.121,1.169,0.593,0,15,0.36239648884333575
modelO-rubber_2_rotateRight_right,0.812,-0.018,10.408,0.812,0,15,0.09814551925157959
modelO-rubber_1_rotateRight_down-right,1.187,-0.145,33.366,1.047,0.596,15,1.0746565789290892
modelO-rubber_2_rotateRight_down-right,0.94,-0.275,44.395,0.84,0.478,15,1.2726506183243187
modelO-rubber_1_rotateRight_down,0.012,-0.273,1.167,0,-0.273,15,0.2534313954283756
modelO-rubber_2_rotateRight_down,-0.143,-0.525,9.189,0,-0.525,15,0.24442108283339048
modelO-rubber_1_rotateRight_down-left,-1.385,-0.084,41.024,1.188,0.676,15,3.1371001217191017
modelO-rubber_2_rotateRight_down-left,-1.36,-0.077,45,1.169,0.666,15,3.1594838262027443
modelO-rubber_1_rotateRight_left,-0.833,0.122,9.462,-0.833,0,15,0.21865633397544598
modelO-rubber_2_rotateRight_left,-0.776,-0.094,14.242,-0.776,0,15,0.10722959573011703
modelO-rubber_1_rotateRight_up-left,-0.3,0.209,8.471,0.322,0.183,15,0.7364957180564834
modelO-rubber_2_rotateRight_up-left,-0.308,0.248,14.432,0.348,0.198,15,0.6678161985238433
modelO-pin-noStopper_1_noRotate_up,0.044,0.349,1.169,0,0.349,0,0.0644028989558137
modelO-pin-noStopper_2_noRotate_up,-0.015,0.261,4.764,0,0.261,0,0.09814748556500988
modelO-pin-noStopper_1_noRotate_up-right,0.187,0.197,1.169,0.242,0.138,0,0.10106267827611683
modelO-pin-noStopper_2_noRotate_up-right,0.379,0.149,2.386,0.395,0.225,0,0.11930950730837511
modelO-pin-noStopper_1_noRotate_right,0.52,-0.032,0,0.52,0,0,0.032
modelO-pin-noStopper_2_noRotate_right,0.778,0.124,0,0.778,0,0,0.124
modelO-pin-noStopper_1_noRotate_down-right,0.658,-0.391,0,0.748,0.426,0,0.8219422120806303
modelO-pin-noStopper_2_noRotate_down-right,1.187,-0.179,34.992,1.025,0.583,0,1.3897557781543863
modelO-pin-noStopper_1_noRotate_down,0.007,-0.309,1.169,0,-0.309,0,0.02740289895581371
modelO-pin-noStopper_2_noRotate_down,0.017,-0.303,1.169,0,-0.303,0,0.03740289895581371
modelO-pin-noStopper_1_noRotate_down-left,-0.781,-0.402,5.826,0.763,0.435,0,1.857958771710082
modelO-pin-noStopper_2_noRotate_down-left,-1.468,-0.203,53.839,1.263,0.719,0,3.822105152680847
modelO-pin-noStopper_1_noRotate_left,-0.615,-0.116,1.123,-0.615,0,0,0.13560004749989632
modelO-pin-noStopper_2_noRotate_left,-0.641,-0.051,13.434,-0.641,0,0,0.2854675317129183
modelO-pin-noStopper_1_noRotate_up-left,-0.155,0.086,3.46,0.209,0.119,0,0.4258812101058967
modelO-pin-noStopper_2_noRotate_up-left,-0.318,0.275,11.768,0.39,0.222,0,0.9153713320355765
modelO-pin-noStopper_1_noRotate_rotate-clockwise,0.098,-0.058,19.604,0,0,19.604,0.11387712676389408
modelO-pin-noStopper_2_noRotate_rotate-clockwise,0.018,-0.038,26.67,0,0,26.67,0.04204759208325728
modelO-pin-noStopper_1_noRotate_rotate-counterClockwise,-0.035,0.057,26.764,0,0,26.764,0.06688796603276258
modelO-pin-noStopper_2_noRotate_rotate-counterClockwise,0.154,0.078,14.292,0,0,14.292,0.17262676501632068
modelO-pin-noStopper_1_rotateLeft_up,0.015,0.205,1.219,0,0.205,15,0.25552382421733855
modelO-pin-noStopper_2_rotateLeft_up,-0.013,0.14,1.219,0,0.14,15,0.25352382421733854
modelO-pin-noStopper_1_rotateLeft_up-right,0.225,0.209,11.768,0.299,0.17,15,0.14005711372740934
modelO-pin-noStopper_2_rotateLeft_up-right,0.282,0.153,1.169,0.413,0.235,15,0.39594421609935204
modelO-pin-noStopper_1_rotateLeft_right,0.573,0.153,10.84,0.573,0,15,0.2256056968829641
modelO-pin-noStopper_2_rotateLeft_right,0.755,-0.089,4.677,0.755,0,15,0.26917033868337464
modelO-pin-noStopper_1_rotateLeft_down-right,1.117,-0.12,35.215,1.073,0.611,15,1.085141324452238
modelO-pin-noStopper_2_rotateLeft_down-right,1.056,-0.109,33.024,1.142,0.65,15,1.0784348063259255
modelO-pin-noStopper_1_rotateLeft_down,-0.024,-0.247,0,0,-0.247,15,0.28579938779914943
modelO-pin-noStopper_2_rotateLeft_down,-0.013,-0.093,0.02,0,-0.093,15,0.2744503219487506
modelO-pin-noStopper_1_rotateLeft_down-left,-1.071,-0.145,33.69,0.951,0.542,15,2.4617237533130316
modelO-pin-noStopper_2_rotateLeft_down-left,-1.243,-0.207,56.31,1.103,0.628,15,3.2111643837745603
modelO-pin-noStopper_1_rotateLeft_left,-0.397,0.038,7.125,-0.397,0,15,0.17544467859455345
modelO-pin-noStopper_2_rotateLeft_left,-0.598,-0.06,12.479,-0.598,0,15,0.10399975044277704
modelO-pin-noStopper_1_rotateLeft_up-left,-0.096,0.218,2.338,0.219,0.124,15,0.5497199198338771
modelO-pin-noStopper_2_rotateLeft_up-left,-0.227,0.125,1.169,0.229,0.131,15,0.6974359608191725
modelO-pin-noStopper_1_rotateRight_up,-0.011,0.16,1.169,0,0.16,15,0.2523964888433357
modelO-pin-noStopper_2_rotateRight_up,0.041,0.193,2.338,0,0.193,15,0.26199358988752197
modelO-pin-noStopper_1_rotateRight_up-right,0.171,0.129,1.169,0.198,0.113,15,0.2727811984962861
modelO-pin-noStopper_2_rotateRight_up-right,0.395,0.228,0,0.398,0.226,15,0.2654049390746134
modelO-pin-noStopper_1_rotateRight_right,0.578,0.032,2.386,0.578,0,15,0.2521558318465647
modelO-pin-noStopper_2_rotateRight_right,0.835,-0.095,12.235,0.835,0,15,0.14325835381764326
modelO-pin-noStopper_1_rotateRight_down-right,1.081,-0.016,34.992,1.078,0.614,15,0.9789333668753573
modelO-pin-noStopper_2_rotateRight_down-right,1.361,-0.222,31.192,1.188,0.676,15,1.1971161508893113
modelO-pin-noStopper_1_rotateRight_down,-0.007,-0.056,3.652,0,-0.056,15,0.2050599635163165
modelO-pin-noStopper_2_rotateRight_down,-0.063,-0.21,1.169,0,-0.21,15,0.3043964888433357
modelO-pin-noStopper_1_rotateRight_down-left,-1.236,-0.264,33.998,1.081,0.616,15,2.8100628741669182
modelO-pin-noStopper_2_rotateRight_down-left,-1.16,-0.296,22.891,1.05,0.598,15,2.5216987633567887
modelO-pin-noStopper_1_rotateRight_left,-0.622,-0.004,4.739,-0.622,0,15,0.18308823454713818
modelO-pin-noStopper_2_rotateRight_left,-0.857,0.04,21.865,-0.857,0,15,0.15981685314941066
modelO-pin-noStopper_1_rotateRight_up-left,-0.271,0.01,1.219,0.497,0.283,15,1.055602348041884
modelO-pin-noStopper_2_rotateRight_up-left,-0.263,0.151,5.826,0.365,0.208,15,0.7906979832634371
modelO-pin-stopper_1_noRotate_up,0.043,0.34,1.169,0,0.34,0,0.0634028989558137
modelO-pin-stopper_2_noRotate_up,0.026,0.301,0,0,0.301,0,0.026
modelO-pin-stopper_1_noRotate_up-right,0.152,0.128,2.386,0.182,0.104,0,0.0800623013771818
modelO-pin-stopper_2_noRotate_up-right,0.402,0.121,2.386,0.374,0.213,0,0.1378100781939552
modelO-pin-stopper_1_noRotate_right,0.507,-0.018,6.995,0.507,0,0,0.14008578117700335
modelO-pin-stopper_2_noRotate_right,0.641,0.043,16.927,0.641,0,0,0.3384318824850801
modelO-pin-stopper_1_noRotate_down-right,0.591,-0.346,0,0.596,0.339,0,0.6850182479321263
modelO-pin-stopper_2_noRotate_down-right,1.202,-0.176,38.089,1.192,0.679,0,1.5198369363245052
modelO-pin-stopper_1_noRotate_down,-0.04,-0.266,0,0,-0.266,0,0.04
modelO-pin-stopper_2_noRotate_down,-0.017,-0.224,2.386,0,-0.224,0,0.058643555952584706
modelO-pin-stopper_1_noRotate_down-left,-0.546,-0.382,1.169,0.583,0.332,0,1.356231106473532
modelO-pin-stopper_2_noRotate_down-left,-1.184,-0.003,41.73,1.205,0.686,0,3.2146971482997855
modelO-pin-stopper_1_noRotate_left,-0.699,0.027,14.292,-0.699,0,0,0.27644245669502954
modelO-pin-stopper_2_noRotate_left,-0.721,-0.061,5.906,-0.721,0,0,0.16407914562278508
modelO-pin-stopper_1_noRotate_up-left,-0.211,0.171,0,0.35,0.199,0,0.5616983176047441
modelO-pin-stopper_2_noRotate_up-left,-0.296,0.203,1.219,0.355,0.202,0,0.672276331630513
modelO-pin-stopper_1_noRotate_rotate-clockwise,-0.077,0.027,12.265,0,0,12.265,0.0815965685553014
modelO-pin-stopper_2_noRotate_rotate-clockwise,0.147,0.048,7.005,0,0,7.005,0.15463828762631845
modelO-pin-stopper_1_noRotate_rotate-counterClockwise,0.055,-0.176,16.113,0,0,16.113,0.1843936007566423
modelO-pin-stopper_2_noRotate_rotate-counterClockwise,-0.03,-0.122,19.179,0,0,19.179,0.12563439019631528
modelO-pin-stopper_1_rotateLeft_up,0.034,0.078,1.169,0,0.078,15,0.27539648884333573
modelO-pin-stopper_2_rotateLeft_up,0.066,0.087,1.169,0,0.087,15,0.3073964888433357
modelO-pin-stopper_1_rotateLeft_up-right,0.233,0.139,1.219,0.293,0.167,15,0.30673560564632596
modelO-pin-stopper_2_rotateLeft_up-right,0.335,0.103,4.657,0.317,0.181,15,0.2605693889185315
modelO-pin-stopper_1_rotateLeft_right,0.538,-0.132,2.338,0.538,0,15,0.35299358988752194
modelO-pin-stopper_2_rotateLeft_right,0.798,0.034,15.461,0.798,0,15,0.04204596785169379
modelO-pin-stopper_1_rotateLeft_down-right,0.622,-0.446,0,0.731,0.416,15,1.130663588926115
modelO-pin-stopper_2_rotateLeft_down-right,1.268,-0.128,49.536,1.315,0.749,15,1.4810254145551154
modelO-pin-stopper_1_rotateLeft_down,-0.008,-0.222,2.338,0,-0.222,15,0.22899358988752197
modelO-pin-stopper_2_rotateLeft_down,-0.004,-0.098,3.545,0,-0.098,15,0.20392746581595045
modelO-pin-stopper_1_rotateLeft_down-left,-1.18,0.572,35.924,1.005,0.572,15,2.5501926926872933
modelO-pin-stopper_2_rotateLeft_down-left,-1.324,-0.18,46.685,1.158,0.659,15,3.172977993174748
modelO-pin-stopper_1_rotateLeft_left,-0.576,0.026,7.125,-0.576,0,15,0.16344467859455344
modelO-pin-stopper_2_rotateLeft_left,-0.782,-0.111,17.7,-0.782,0,15,0.15812388980384692
modelO-pin-stopper_1_rotateLeft_up-left,-0.187,0.096,2.334,0.228,0.13,15,0.637453844830705
modelO-pin-stopper_2_rotateLeft_up-left,-0.13,0.135,1.169,0.301,0.171,15,0.6738973558944897
modelO-pin-stopper_1_rotateRight_up,0.024,0.108,2.386,0,0.108,15,0.2441558318465647
modelO-pin-stopper_2_rotateRight_up,0.012,0.17,3.801,0,0.17,15,0.20745942293084496
modelO-pin-stopper_1_rotateRight_up-right,0.133,0.087,1.169,0.227,0.129,15,0.34435279025320575
modelO-pin-stopper_2_rotateRight_up-right,0.307,0.198,0,0.327,0.186,15,0.28512319537853065
modelO-pin-stopper_1_rotateRight_right,0.847,-0.008,13.173,0.847,0,15,0.0398871654339364
modelO-pin-stopper_2_rotateRight_right,0.795,0.023,6.072,0.795,0,15,0.17882299561805373
modelO-pin-stopper_1_rotateRight_down-right,1.365,-0.121,48.468,1.167,0.665,15,1.3946821592238403
modelO-pin-stopper_2_rotateRight_down-right,1.126,-0.257,25.008,1.261,0.718,15,1.1589743345309675
modelO-pin-stopper_1_rotateRight_down,-0.007,-0.154,2.338,0,-0.154,15,0.22799358988752197
modelO-pin-stopper_2_rotateRight_down,0.077,-0.159,1.169,0,-0.159,15,0.3183964888433357
modelO-pin-stopper_1_rotateRight_down-left,-0.993,-0.241,29.739,1.016,0.578,15,2.4267698330807823
modelO-pin-stopper_2_rotateRight_down-left,-1.334,-0.096,50.933,1.143,0.651,15,3.214336435907252
modelO-pin-stopper_1_rotateRight_left,-0.743,0.028,9.866,-0.743,0,15,0.11760520379738885
modelO-pin-stopper_2_rotateRight_left,-0.581,0.107,16.793,-0.581,0,15,0.1382937534882583
modelO-pin-stopper_1_rotateRight_up-left,-0.171,0.166,2.595,0.214,0.122,15,0.6040142226936843
modelO-pin-stopper_2_rotateRight_up-left,-0.183,0.205,5.956,0.253,0.144,15,0.5980940993992058
modelK-pin_1_noRotate_up,0.089,0.328,1.169,0,0.328,0,0.1094028989558137
modelK-pin_2_noRotate_up,0.096,0.24,1.219,0,0.24,0,0.11727556358181088
modelK-pin_1_noRotate_up-right,0.184,0.195,0,0.237,0.136,0,0.0793095202355934
modelK-pin_2_noRotate_up-right,0.269,0.127,5.743,0.331,0.19,0,0.18862543497222417
modelK-pin_1_noRotate_right,0.845,-0.03,8.294,0.845,0,0,0.1747576081604097
modelK-pin_2_noRotate_right,0.562,-0.05,3.555,0.562,0,0,0.11204645490839843
modelK-pin_1_noRotate_down-right,1.242,-0.187,33.294,1.072,0.616,0,1.401887703807069
modelK-pin_2_noRotate_down-right,1.178,-0.01,40.101,1.078,0.62,0,1.3377816206949285
modelK-pin_1_noRotate_down,0.02,-0.417,1.219,0,-0.417,0,0.04127556358181088
modelK-pin_2_noRotate_down,0.197,-0.269,0,0,-0.269,0,0.197
modelK-pin_1_noRotate_down-left,-1.354,-0.195,37.553,1.227,0.706,0,3.3891685442941606
modelK-pin_2_noRotate_down-left,-1.087,-0.117,38.66,1.062,0.611,0,2.943705504884429
modelK-pin_1_noRotate_left,-0.699,0.04,16.531,-0.699,0,0,0.32852037864718264
modelK-pin_2_noRotate_left,-0.655,-0.022,17.7,-0.655,0,0,0.3309232776029964
modelK-pin_1_noRotate_up-left,-0.371,0.266,3.555,0.425,0.244,0,0.8583504169731366
modelK-pin_2_noRotate_up-left,-0.285,0.235,1.219,0.324,0.186,0,0.6322436478546312
modelK-pin_1_noRotate_rotate-clockwise,0.068,-0.097,17.429,0,0,17.429,0.11846096403457132
modelK-pin_2_noRotate_rotate-clockwise,-0.084,-0.09,32.929,0,0,32.929,0.12310970717209915
modelK-pin_1_noRotate_rotate-counterClockwise,0.059,0.071,22.891,0,0,22.891,0.09231467922275416
modelK-pin_2_noRotate_rotate-counterClockwise,0.136,-0.079,16.26,0,0,16.26,0.15728000508646992
modelK-pin_1_rotateLeft_up,-0.004,0.148,2.045,0,0.148,15,0.2301074045958654
modelK-pin_2_rotateLeft_up,-0.013,0.158,1.219,0,0.158,15,0.25352382421733854
modelK-pin_1_rotateLeft_up-right,0.106,0.252,1.004,0.283,0.163,15,0.4423924096707158
modelK-pin_2_rotateLeft_up-right,0.263,0.065,2.338,0.232,0.133,15,0.2957264474536555
modelK-pin_1_rotateLeft_right,0.495,0.054,3.013,0.495,0,15,0.26321261743656027
modelK-pin_2_rotateLeft_right,0.577,-0.113,20.556,0.577,0,15,0.20997049324080494
modelK-pin_1_rotateLeft_down-right,1.049,-0.322,29.476,1.038,0.597,15,1.1717196925874707
modelK-pin_2_rotateLeft_down-right,1.106,-0.273,22.62,1.042,0.599,15,1.0073395584818527
modelK-pin_1_rotateLeft_down,-0.089,-0.057,4.281,0,-0.057,15,0.2760818425212722
modelK-pin_2_rotateLeft_down,0.039,-0.162,1.169,0,-0.162,15,0.28039648884333573
modelK-pin_1_rotateLeft_down-left,-0.862,-0.139,46.042,1.007,0.579,15,2.5439551791002035
modelK-pin_2_rotateLeft_down-left,-1.304,-0.256,20.556,1.134,0.652,15,2.698567694961317
modelK-pin_1_rotateLeft_left,-0.439,-0.012,12.171,-0.439,0,15,0.06137536453891963
modelK-pin_2_rotateLeft_left,-0.654,-0.029,6.961,-0.654,0,15,0.16930701856782415
modelK-pin_1_rotateLeft_up-left,-0.209,0.102,1.077,0.262,0.15,15,0.7164417338299743
modelK-pin_2_rotateLeft_up-left,-0.285,0.133,2.438,0.271,0.156,15,0.7757237767186704
modelK-pin_1_rotateRight_up,0.009,0.066,1.169,0,0.066,15,0.2503964888433357
modelK-pin_2_rotateRight_up,0.022,0.179,1.169,0,0.179,15,0.2633964888433357
modelK-pin_1_rotateRight_up-right,0.141,0.182,2.388,0.361,0.208,15,0.441651961461873
modelK-pin_2_rotateRight_up-right,0.377,0.086,0.04,0.388,0.223,15,0.39854215248658104
modelK-pin_1_rotateRight_right,0.839,0.102,19.885,0.839,0,15,0.187259333959923
modelK-pin_2_rotateRight_right,0.823,-0.061,17.429,0.823,0,15,0.10339404753094229
modelK-pin_1_rotateRight_down-right,1.019,-0.058,21.775,0.985,0.567,15,0.7441701736291182
modelK-pin_2_rotateRight_down-right,1.221,-0.121,54.535,1.117,0.642,15,1.4600711126030699
modelK-pin_1_rotateRight_down,0.003,-0.093,0,0,-0.093,15,0.2647993877991494
modelK-pin_2_rotateRight_down,0.038,-0.152,1.169,0,-0.152,15,0.27939648884333573
modelK-pin_1_rotateRight_down-left,-0.879,-0.228,11.483,0.797,0.458,15,1.872342091832306
modelK-pin_2_rotateRight_down-left,-1.274,-0.087,32.521,1.1,0.632,15,2.7862904202262033
modelK-pin_1_rotateRight_left,-0.658,0.077,5.906,-0.658,0,15,0.23572024217636434
modelK-pin_2_rotateRight_left,-0.845,-0.111,15.091,-0.845,0,15,0.11258824961931489
modelK-pin_1_rotateRight_up-left,-0.34,0.067,1.169,0.393,0.226,15,0.991443154058241
modelK-pin_2_rotateRight_up-left,-0.425,0.119,1.169,0.378,0.217,15,1.050354460557565
trial,span-norm,depth-norm,theta-norm,opt-span-norm,opt-depth-norm,opt-theta-norm,Differance
barrett_noRotate_up,-0.016,0.346,3.5295,0.0,0.346,0,0.07760139594913987
barrett_noRotate_up-right,0.127,0.17,2.3365,0.199,0.142,0,0.11803244963615939
barrett_noRotate_right,0.515,-0.012,2.362,0.515,0.0,0,0.05322467693210606
barrett_noRotate_down-right,0.634,-0.481,0.5845,0.666,0.477,0,0.9687357472471625
barrett_noRotate_down,-0.004,-0.307,2.2905,0.0,-0.307,0,0.043976766516930124
barrett_noRotate_down-left,-0.685,-0.53,2.311,0.722,0.516,0,1.7935501761012307
barrett_noRotate_left,-0.502,-0.221,12.707999999999998,-0.502,0.0,0,0.4427964413434394
barrett_noRotate_up-left,-0.189,0.146,4.106,0.202,0.145,0,0.46266449785717456
barrett_noRotate_rotate-clockwise,0.036,-0.084,24.0575,0.0,0.0,24.058,0.0913980039166269
barrett_noRotate_rotate-counterClockwise,-0.1,-0.043,18.7835,0.0,0.0,18.784,0.10886183868261833
barrett_rotateLeft_up,0.01,0.219,0.0,0.0,0.219,15,0.2717993877991494
barrett_rotateLeft_up-right,0.214,0.109,4.0655,0.27,0.193,15,0.29179846277231164
barrett_rotateLeft_right,0.571,-0.147,2.9130000000000003,0.571,0.0,15,0.35795794668855463
barrett_rotateLeft_down-right,0.677,-0.486,2.387,0.695,0.498,15,1.204302998930128
barrett_rotateLeft_down,0.018,-0.293,1.193,0.0,-0.293,15,0.258977609822857
barrett_rotateLeft_down-left,-0.754,-0.362,5.2165,0.699,0.5,15,1.860207749290797
barrett_rotateLeft_left,-0.569,-0.063,1.169,-0.569,0.0,15,0.3043964888433357
barrett_rotateLeft_up-left,-0.168,0.173,4.7295,0.219,0.156,15,0.5666272458880696
barrett_rotateRight_up,0.043,0.178,4.171,0.0,0.178,15,0.23200170469846593
barrett_rotateRight_up-right,0.075,0.181,10.213000000000001,0.188,0.134,15,0.20593355085202436
barrett_rotateRight_right,0.555,-0.032,6.9815000000000005,0.555,0.0,15,0.1719492260711653
barrett_rotateRight_down-right,0.619,-0.491,5.3155,0.638,0.457,15,1.1172167931366048
barrett_rotateRight_down,-0.029,-0.203,1.7775,0.0,-0.203,15,0.25977616034495027
barrett_rotateRight_down-left,-0.52,-0.59,8.6915,0.633,0.453,15,1.6648574525074178
barrett_rotateRight_left,-0.556,-0.081,1.73,-0.556,0.0,15,0.31260519173964757
barrett_rotateRight_up-left,-0.202,0.162,3.456,0.272,0.195,15,0.6766281544178925
modelO-rubber_noRotate_up,-0.048,0.332,2.402,0.0,0.332,0,0.0899228086329038
modelO-rubber_noRotate_up-right,0.209,0.3,1.2645,0.35,0.199,0,0.1955113212251106
modelO-rubber_noRotate_right,0.707,-0.037,12.109,0.707,0.0,0,0.24834191912399337
modelO-rubber_noRotate_down-right,0.958,-0.209,22.82,0.879,0.5,0,1.1116718279379407
modelO-rubber_noRotate_down,-0.023,-0.431,0.04,0.0,-0.431,0,0.023698131700797733
modelO-rubber_noRotate_down-left,-1.317,-0.089,41.449,1.124,0.64,0,3.2709540533454278
modelO-rubber_noRotate_left,-0.851,0.065,11.768,-0.851,0.0,0,0.2703903463746927
modelO-rubber_noRotate_up-left,-0.346,0.162,5.2139999999999995,0.589,0.335,0,1.0418715950292785
modelO-rubber_noRotate_rotate-clockwise,-0.045,0.063,25.688000000000002,0.0,0.0,25.688,0.0774209274033837
modelO-rubber_noRotate_rotate-counterClockwise,-0.067,0.006,28.411,0.0,0.0,28.411,0.06726812023536856
modelO-rubber_rotateLeft_up,-0.022,0.209,1.2195,0.0,0.209,15,0.26251509757107855
modelO-rubber_rotateLeft_up-right,0.291,0.177,0.5845,0.321,0.183,15,0.2821920554027993
modelO-rubber_rotateLeft_right,0.729,0.08,5.4399999999999995,0.729,0.0,15,0.24685347649065792
modelO-rubber_rotateLeft_down-right,1.295,-0.125,34.893,1.12,0.638,15,1.1300099474001108
modelO-rubber_rotateLeft_down,-0.016,-0.389,5.7844999999999995,0.0,-0.389,15,0.17684081721753747
modelO-rubber_rotateLeft_down-left,-1.209,-0.135,33.512,1.122,0.639,15,2.779238058709514
modelO-rubber_rotateLeft_left,-0.765,-0.058,10.497,-0.765,0.0,15,0.13659217621730466
modelO-rubber_rotateLeft_up-left,-0.269,0.055,4.8365,0.3,0.171,15,0.75809042175782
modelO-rubber_rotateRight_up,-0.013,0.21,1.854,0.0,0.21,15,0.24244098346717452
modelO-rubber_rotateRight_up-right,0.162,0.18,2.946,0.322,0.183,15,0.37041011056390705
modelO-rubber_rotateRight_right,0.703,0.052,5.7885,0.703,0.0,15,0.21277100404745766
modelO-rubber_rotateRight_down-right,1.063,-0.21,38.8805,0.944,0.537,15,1.1732125479714188
modelO-rubber_rotateRight_down,-0.066,-0.399,5.178,0.0,-0.399,15,0.23742623913088307
modelO-rubber_rotateRight_down-left,-1.372,-0.08,43.012,1.178,0.671,15,3.147190741508564
modelO-rubber_rotateRight_left,-0.805,0.014,11.852,-0.805,0.0,15,0.06894296485278147
modelO-rubber_rotateRight_up-left,-0.304,0.228,11.4515,0.335,0.191,15,0.702003317145062
modelO-pin-noStopper_noRotate_up,0.015,0.305,2.9665,0.0,0.305,0,0.06677519226041179
modelO-pin-noStopper_noRotate_up-right,0.283,0.173,1.7775,0.318,0.181,0,0.06692587359623173
modelO-pin-noStopper_noRotate_right,0.649,0.046,0.0,0.649,0.0,0,0.046
modelO-pin-noStopper_noRotate_down-right,0.922,-0.285,17.496,0.886,0.505,0,1.0961826337026124
modelO-pin-noStopper_noRotate_down,0.012,-0.306,1.169,0.0,-0.306,0,0.03240289895581371
modelO-pin-noStopper_noRotate_down-left,-1.124,-0.303,29.8325,1.013,0.577,0,2.8317722748055374
modelO-pin-noStopper_noRotate_left,-0.628,-0.084,7.278499999999999,-0.628,0.0,0,0.21103378960640723
modelO-pin-noStopper_noRotate_up-left,-0.236,0.181,7.614000000000001,0.299,0.17,0,0.668002441410106
modelO-pin-noStopper_noRotate_rotate-clockwise,0.058,-0.048,23.137,0.0,0.0,23.137,0.07528612089887485
modelO-pin-noStopper_noRotate_rotate-counterClockwise,0.06,0.067,20.528,0.0,0.0,20.528,0.0899388681271896
modelO-pin-noStopper_rotateLeft_up,0.001,0.173,1.219,0.0,0.173,15,0.24152382421733856
modelO-pin-noStopper_rotateLeft_up-right,0.253,0.181,6.468500000000001,0.356,0.203,15,0.25422607689344917
modelO-pin-noStopper_rotateLeft_right,0.664,0.032,7.7585,0.664,0.0,15,0.15838801778316935
modelO-pin-noStopper_rotateLeft_down-right,1.086,-0.115,34.1195,1.108,0.631,15,1.0800225526168674
modelO-pin-noStopper_rotateLeft_down,-0.018,-0.17,0.01,0.0,-0.17,15,0.27962485487395006
modelO-pin-noStopper_rotateLeft_down-left,-1.157,-0.176,45.0,1.027,0.585,15,2.836384325535863
modelO-pin-noStopper_rotateLeft_left,-0.498,-0.011,9.802,-0.498,0.0,15,0.1017222145186653
modelO-pin-noStopper_rotateLeft_up-left,-0.162,0.172,1.7535,0.224,0.128,15,0.6196947176149739
modelO-pin-noStopper_rotateRight_up,0.015,0.177,1.7535,0.0,0.177,15,0.24619503936542886
modelO-pin-noStopper_rotateRight_up-right,0.283,0.178,0.5845,0.298,0.17,15,0.26859793832124257
modelO-pin-noStopper_rotateRight_right,0.706,-0.032,7.310499999999999,0.706,0.0,15,0.166207092832104
modelO-pin-noStopper_rotateRight_down-right,1.221,-0.119,33.092,1.133,0.645,15,1.0848163319650734
modelO-pin-noStopper_rotateRight_down,-0.035,-0.133,2.4105,0.0,-0.133,15,0.25472822617982616
modelO-pin-noStopper_rotateRight_down-left,-1.198,-0.28,28.444499999999998,1.065,0.607,15,2.6652758137837345
modelO-pin-noStopper_rotateRight_left,-0.74,0.018,13.302,-0.74,0.0,15,0.04763569069886371
modelO-pin-noStopper_rotateRight_up-left,-0.267,0.08,3.5225,0.431,0.246,15,0.9177879342085777
modelO-pin-stopper_noRotate_up,0.035,0.32,0.5845,0.0,0.32,0,0.04520144947790686
modelO-pin-stopper_noRotate_up-right,0.277,0.124,2.386,0.278,0.158,0,0.07565825865597461
modelO-pin-stopper_noRotate_right,0.574,0.013,11.961,0.574,0.0,0,0.22175883183104178
modelO-pin-stopper_noRotate_down-right,0.896,-0.261,19.0445,0.894,0.509,0,1.1023918267942767
modelO-pin-stopper_noRotate_down,-0.028,-0.245,1.193,0.0,-0.245,0,0.048821777976292356
modelO-pin-stopper_noRotate_down-left,-0.865,-0.192,21.449499999999997,0.894,0.509,0,2.2679013001083264
modelO-pin-stopper_noRotate_left,-0.71,-0.017,10.099,-0.71,0.0,0,0.19326080115890737
modelO-pin-stopper_noRotate_up-left,-0.253,0.187,0.6095,0.352,0.201,0,0.6157997435829533
modelO-pin-stopper_noRotate_rotate-clockwise,0.035,0.037,9.635,0.0,0.0,9.635,0.05093132631298737
modelO-pin-stopper_noRotate_rotate-counterClockwise,0.013,-0.149,17.646,0.0,0.0,17.646,0.14956603892595405
modelO-pin-stopper_rotateLeft_up,0.05,0.083,1.169,0.0,0.083,15,0.29139648884333574
modelO-pin-stopper_rotateLeft_up-right,0.284,0.121,2.938,0.305,0.174,15,0.2675303856305129
modelO-pin-stopper_rotateLeft_right,0.668,-0.049,8.8995,0.668,0.0,15,0.15547381101791408
modelO-pin-stopper_rotateLeft_down-right,0.945,-0.287,24.768,1.023,0.582,15,1.042977314319583
modelO-pin-stopper_rotateLeft_down,-0.006,-0.16,2.9415,0.0,-0.16,15,0.21646052785173622
modelO-pin-stopper_rotateLeft_down-left,-1.252,-0.109,41.304500000000004,1.082,0.616,15,2.903109339292822
modelO-pin-stopper_rotateLeft_left,-0.679,-0.043,12.4125,-0.679,0.0,15,0.08816039439535331
modelO-pin-stopper_rotateLeft_up-left,-0.159,0.116,1.7515,0.265,0.151,15,0.6566720689237353
modelO-pin-stopper_rotateRight_up,0.018,0.139,3.0935,0.0,0.139,15,0.22580762738870488
modelO-pin-stopper_rotateRight_up-right,0.22,0.143,0.5845,0.277,0.158,15,0.31053858643440807
modelO-pin-stopper_rotateRight_right,0.821,0.007,9.6225,0.821,0.0,15,0.10085508052599508
modelO-pin-stopper_rotateRight_down-right,1.245,-0.189,36.738,1.214,0.691,15,1.2599455262326342
modelO-pin-stopper_rotateRight_down,0.035,-0.157,1.7535,0.0,-0.157,15,0.2661950393654289
modelO-pin-stopper_rotateRight_down-left,-1.163,-0.169,40.336,1.079,0.615,15,2.8173218791400134
modelO-pin-stopper_rotateRight_left,-0.662,0.068,13.3295,-0.662,0.0,15,0.0971557251545653
modelO-pin-stopper_rotateRight_up-left,-0.177,0.186,4.2755,0.234,0.133,15,0.6015810209460751
modelK-pin_noRotate_up,0.093,0.284,1.194,0.0,0.284,0,0.11383923126881229
modelK-pin_noRotate_up-right,0.227,0.161,2.8715,0.284,0.163,0,0.10715220639741393
modelK-pin_noRotate_right,0.703,-0.04,5.9245,0.703,0.0,0,0.14340203153440403
modelK-pin_noRotate_down-right,1.21,-0.099,36.6975,1.075,0.618,0,1.3700907219859597
modelK-pin_noRotate_down,0.109,-0.343,0.6095,0.0,-0.343,0,0.11963778179090544
modelK-pin_noRotate_down-left,-1.22,-0.156,38.1065,1.145,0.658,0,3.166247820465051
modelK-pin_noRotate_left,-0.677,0.009,17.115499999999997,-0.677,0.0,0,0.3077218281250893
modelK-pin_noRotate_up-left,-0.328,0.25,2.387,0.374,0.215,0,0.7445329748263191
modelK-pin_noRotate_rotate-clockwise,-0.008,-0.093,25.179000000000002,0.0,0.0,25.179,0.09334345183246659
modelK-pin_noRotate_rotate-counterClockwise,0.097,-0.004,19.575499999999998,0.0,0.0,19.575,0.09709116584099795
modelK-pin_rotateLeft_up,-0.009,0.153,1.6320000000000001,0.0,0.153,15,0.242315614406602
modelK-pin_rotateLeft_up-right,0.184,0.159,1.671,0.258,0.148,15,0.30744803645539653
modelK-pin_rotateLeft_right,0.536,-0.03,11.784500000000001,0.536,0.0,15,0.08612106209787763
modelK-pin_rotateLeft_down-right,1.077,-0.298,26.048000000000002,1.04,0.598,15,1.0895876012492356
modelK-pin_rotateLeft_down,-0.025,-0.11,2.7249999999999996,0.0,-0.11,15,0.23923916568230394
modelK-pin_rotateLeft_down-left,-1.083,-0.197,33.299,1.07,0.615,15,2.6204108287031667
modelK-pin_rotateLeft_left,-0.547,-0.021,9.565999999999999,-0.547,0.0,15,0.11584119155337189
modelK-pin_rotateLeft_up-left,-0.247,0.118,1.7575,0.266,0.153,15,0.7453177971257351
modelK-pin_rotateRight_up,0.015,0.123,1.169,0.0,0.123,15,0.2563964888433357
modelK-pin_rotateRight_up-right,0.259,0.134,1.214,0.374,0.215,15,0.3812738078440824
modelK-pin_rotateRight_right,0.831,0.021,18.657,0.831,0.0,15,0.08482669074543267
modelK-pin_rotateRight_down-right,1.12,-0.09,38.155,1.051,0.604,15,1.1015526684899732
modelK-pin_rotateRight_down,0.02,-0.123,0.5845,0.0,-0.123,15,0.27159793832124257
modelK-pin_rotateRight_down-left,-1.077,-0.157,22.002000000000002,0.949,0.545,15,2.2663814546671794
modelK-pin_rotateRight_left,-0.751,-0.017,10.4985,-0.751,0.0,15,0.09556599627852476
modelK-pin_rotateRight_up-left,-0.383,0.093,1.169,0.386,0.222,15,1.0211413188999383
trial,span,depth,theta,ideal-span,ideal-depth,ideal-theta,magnitude,Differance
barrett_1_noRotate_up,-0.023,0.357,2.386,0.0,0.357,0,0.358,0.0646435559525847
barrett_2_noRotate_up,-0.008,0.335,4.673,0.0,0.335,0,0.335,0.08955923594569501
barrett_1_noRotate_up-right,0.128,0.113,0.0,0.137,0.098,0,0.171,0.017492855684535905
barrett_2_noRotate_up-right,0.126,0.228,4.673,0.26,0.186,0,0.26,0.2219871533980307
barrett_1_noRotate_right,0.553,0.007,1.169,0.553,0.0,0,0.553,0.02740289895581371
barrett_2_noRotate_right,0.477,-0.031,3.555,0.477,0.0,0,0.478,0.09304645490839843
barrett_1_noRotate_down-right,0.697,-0.617,0.0,0.754,0.54,0,0.931,1.1584032113215157
barrett_2_noRotate_down-right,0.572,-0.345,1.169,0.578,0.414,0,0.668,0.7794266140003436
barrett_1_noRotate_down,0.009,-0.276,0.0,0.0,-0.276,0,0.276,0.009
barrett_2_noRotate_down,-0.017,-0.337,4.581,0.0,-0.337,0,0.337,0.09695353303386024
barrett_1_noRotate_down-left,-0.71,-0.45,2.284,0.722,0.517,0,0.841,1.7677849039844482
barrett_2_noRotate_down-left,-0.66,-0.609,2.338,0.721,0.516,0,0.898,1.8220373943077839
barrett_1_noRotate_left,-0.505,-0.074,4.574,-0.505,0.0,0,0.51,0.15383135998622063
barrett_2_noRotate_left,-0.5,-0.367,20.842,-0.5,0.0,0,0.62,0.7307615227006581
barrett_1_noRotate_up-left,-0.167,0.138,2.386,0.174,0.125,0,0.217,0.38289126656761574
barrett_2_noRotate_up-left,-0.211,0.155,5.826,0.23,0.165,0,0.262,0.5427962463352233
barrett_1_noRotate_rotate-clockwise,-0.08,-0.073,16.26,0.0,0.0,16.26,0.108,0.10830050784737807
barrett_2_noRotate_rotate-clockwise,0.152,-0.095,31.855,0.0,0.0,31.855,0.179,0.17924564150907546
barrett_1_noRotate_rotate-counterClockwise,-0.031,-0.037,14.292,0.0,0.0,14.292,0.048,0.048270073544588676
barrett_2_noRotate_rotate-counterClockwise,-0.168,-0.049,23.275,0.0,0.0,23.275,0.175,0.17500000000000002
barrett_1_rotateLeft_up,-0.025,0.175,0.0,0.0,0.175,15,0.177,0.28679938779914943
barrett_2_rotateLeft_up,0.044,0.264,0.0,0.0,0.264,15,0.268,0.3057993877991494
barrett_1_rotateLeft_up-right,0.188,0.12,2.388,0.294,0.21,15,0.223,0.35917487162767436
barrett_2_rotateLeft_up-right,0.24,0.097,5.743,0.246,0.176,15,0.259,0.2407926493282241
barrett_1_rotateLeft_right,0.553,-0.151,1.169,0.553,0.0,15,0.573,0.3923964888433357
barrett_2_rotateLeft_right,0.589,-0.143,4.657,0.589,0.0,15,0.606,0.3235194045337735
barrett_1_rotateLeft_down-right,0.714,-0.54,1.219,0.725,0.519,15,0.895,1.2995809520437842
barrett_2_rotateLeft_down-right,0.64,-0.431,3.555,0.665,0.476,15,0.772,1.10709740992249
barrett_1_rotateLeft_down,-0.03,-0.244,1.169,0.0,-0.244,15,0.246,0.2713964888433357
barrett_2_rotateLeft_down,0.066,-0.342,1.217,0.0,-0.342,15,0.348,0.30655873080237844
barrett_1_rotateLeft_down-left,-0.753,-0.374,4.607,0.705,0.505,15,0.841,1.8838623332172666
barrett_2_rotateLeft_down-left,-0.755,-0.35,5.826,0.692,0.495,15,0.832,1.8357757788193907
barrett_1_rotateLeft_left,-0.571,-0.053,1.169,-0.571,0.0,15,0.573,0.29439648884333575
barrett_2_rotateLeft_left,-0.566,-0.072,1.169,-0.566,0.0,15,0.571,0.3133964888433357
barrett_1_rotateLeft_up-left,-0.134,0.152,7.125,0.211,0.151,15,0.203,0.4824461278668717
barrett_2_rotateLeft_up-left,-0.201,0.194,2.334,0.226,0.162,15,0.279,0.6492607874494264
barrett_1_rotateRight_up,0.02,0.127,5.956,0.0,0.127,15,0.129,0.17784757755036712
barrett_2_rotateRight_up,0.065,0.23,2.386,0.0,0.23,15,0.239,0.2851558318465647
barrett_1_rotateRight_up-right,0.072,0.159,17.021,0.174,0.125,15,0.175,0.14279054462853033
barrett_2_rotateRight_up-right,0.077,0.202,3.405,0.201,0.144,15,0.216,0.3392650464379234
barrett_1_rotateRight_right,0.565,0.003,1.169,0.565,0.0,15,0.565,0.24439648884333573
barrett_2_rotateRight_right,0.546,-0.068,12.794,0.546,0.0,15,0.55,0.10650196329899492
barrett_1_rotateRight_down-right,0.717,-0.585,1.169,0.746,0.534,15,0.925,1.3607722077152433
barrett_2_rotateRight_down-right,0.521,-0.397,9.462,0.531,0.38,15,0.655,0.8737206813753252
barrett_1_rotateRight_down,-0.013,-0.127,1.169,0.0,-0.127,15,0.128,0.2543964888433357
barrett_2_rotateRight_down,-0.045,-0.28,2.386,0.0,-0.28,15,0.284,0.2651558318465647
barrett_1_rotateRight_down-left,-0.619,-0.661,2.292,0.723,0.517,15,0.906,2.0074750238436607
barrett_2_rotateRight_down-left,-0.421,-0.518,15.091,0.544,0.389,15,0.668,1.325927330066615
barrett_1_rotateRight_left,-0.45,0.028,1.169,-0.45,0.0,15,0.451,0.2693964888433357
barrett_2_rotateRight_left,-0.662,-0.191,2.291,-0.662,0.0,15,0.689,0.4128138946359593
barrett_1_rotateRight_up-left,-0.179,0.127,2.338,0.181,0.129,15,0.219,0.5809991454002112
barrett_2_rotateRight_up-left,-0.225,0.196,4.574,0.364,0.26,15,0.298,0.7744349045241927
modelO-rubber_1_noRotate_up,-0.095,0.371,0.04,0.0,0.371,0,0.383,0.09569813170079773
modelO-rubber_2_noRotate_up,0.0,0.292,4.764,0.0,0.292,0,0.292,Differance
modelO-rubber_1_noRotate_up-right,0.175,0.258,2.489,0.281,0.16,0,0.312,0.18780190454308762
modelO-rubber_2_noRotate_up-right,0.243,0.343,0.04,0.419,0.239,0,0.42,0.20512904912768795
modelO-rubber_1_noRotate_right,0.729,-0.155,16.927,0.729,0.0,0,0.745,0.45043188248508015
modelO-rubber_2_noRotate_right,0.686,0.08,7.291,0.686,0.0,0,0.691,0.20725195576290656
modelO-rubber_1_noRotate_down-right,0.961,-0.362,19.179,0.909,0.518,0,1.027,1.2162717220688417
modelO-rubber_2_noRotate_down-right,0.955,-0.056,26.461,0.848,0.483,0,0.957,1.0113495439589892
modelO-rubber_1_noRotate_down,0.025,-0.519,0.04,0.0,-0.519,0,0.52,0.025698131700797735
modelO-rubber_2_noRotate_down,-0.07,-0.344,0.04,0.0,-0.344,0,0.351,0.07069813170079774
modelO-rubber_1_noRotate_down-left,-1.279,-0.104,39.067,1.093,0.622,0,1.283,3.1624646376438146
modelO-rubber_2_noRotate_down-left,-1.355,-0.073,43.831,1.155,0.658,0,1.357,3.3792754713054665
modelO-rubber_1_noRotate_left,-0.98,-0.009,11.768,-0.98,0.0,0,0.98,0.21439034637469273
modelO-rubber_2_noRotate_left,-0.722,0.14,11.768,-0.722,0.0,0,0.735,0.34539034637469274
modelO-rubber_1_noRotate_up-left,-0.338,0.169,0.02,0.707,0.402,0,0.378,1.0710096096269965
modelO-rubber_2_noRotate_up-left,-0.354,0.156,10.408,0.471,0.268,0,0.387,1.0142215835113437
modelO-rubber_1_noRotate_rotate-clockwise,0.096,0.169,26.565,0.0,0.0,26.565,0.194,0.19436306233438494
modelO-rubber_2_noRotate_rotate-clockwise,-0.186,-0.043,24.811,0.0,0.0,24.811,0.191,0.19090573590125573
modelO-rubber_1_noRotate_rotate-counterClockwise,0.008,-0.03,25.017,0.0,0.0,25.017,0.031,0.031048349392520047
modelO-rubber_2_noRotate_rotate-counterClockwise,-0.141,0.042,31.805,0.0,0.0,31.805,0.147,0.14712239802287072
modelO-rubber_1_rotateLeft_up,-0.026,0.261,1.169,0.0,0.261,15,0.262,0.2673964888433357
modelO-rubber_2_rotateLeft_up,-0.018,0.158,1.27,0.0,0.158,15,0.159,0.25763370629882143
modelO-rubber_1_rotateLeft_up-right,0.196,0.14,1.169,0.254,0.145,15,0.241,0.29961160715464724
modelO-rubber_2_rotateLeft_up-right,0.386,0.214,0.0,0.388,0.221,15,0.441,0.2690794976884299
modelO-rubber_1_rotateLeft_right,0.607,0.171,0.04,0.607,0.0,15,0.631,0.4321012560983517
modelO-rubber_2_rotateLeft_right,0.852,-0.011,10.84,0.852,0.0,15,0.852,0.08360569688296413
modelO-rubber_1_rotateLeft_down-right,1.221,-0.239,32.916,1.065,0.606,15,1.244,1.1719725380096626
modelO-rubber_2_rotateLeft_down-right,1.37,-0.01,36.87,1.175,0.669,15,1.37,1.0881495421512524
modelO-rubber_1_rotateLeft_down,-0.004,-0.416,6.995,0.0,-0.416,15,0.416,0.14371360662214608
modelO-rubber_2_rotateLeft_down,-0.028,-0.362,4.574,0.0,-0.362,15,0.363,0.2099680278129288
modelO-rubber_1_rotateLeft_down-left,-1.314,-0.08,38.882,1.126,0.641,15,1.316,2.961115308792274
modelO-rubber_2_rotateLeft_down-left,-1.105,-0.191,28.142,1.119,0.637,15,1.121,2.6025041206393213
modelO-rubber_1_rotateLeft_left,-0.672,-0.005,11.483,-0.672,0.0,15,0.672,0.06638322979264055
modelO-rubber_2_rotateLeft_left,-0.859,-0.111,9.511,-0.859,0.0,15,0.866,0.2068011226419688
modelO-rubber_1_rotateLeft_up-left,-0.217,0.029,1.219,0.25,0.142,15,0.219,0.7210006706938363
modelO-rubber_2_rotateLeft_up-left,-0.32,0.081,8.454,0.349,0.199,15,0.33,0.793576125555891
modelO-rubber_1_rotateRight_up,-0.036,0.146,1.27,0.0,0.146,15,0.15,0.27563370629882145
modelO-rubber_2_rotateRight_up,0.01,0.273,2.438,0.0,0.273,15,0.273,0.2292482606355277
modelO-rubber_1_rotateRight_up-right,0.128,0.134,1.219,0.346,0.197,15,0.185,0.46744451520870667
modelO-rubber_2_rotateRight_up-right,0.195,0.226,4.673,0.298,0.17,15,0.298,0.29747922383886377
modelO-rubber_1_rotateRight_right,0.593,0.121,1.169,0.593,0.0,15,0.605,0.36239648884333575
modelO-rubber_2_rotateRight_right,0.812,-0.018,10.408,0.812,0.0,15,0.812,0.09814551925157959
modelO-rubber_1_rotateRight_down-right,1.187,-0.145,33.366,1.047,0.596,15,1.196,1.0746565789290892
modelO-rubber_2_rotateRight_down-right,0.94,-0.275,44.395,0.84,0.478,15,0.979,1.2726506183243187
modelO-rubber_1_rotateRight_down,0.012,-0.273,1.167,0.0,-0.273,15,0.273,0.2534313954283756
modelO-rubber_2_rotateRight_down,-0.143,-0.525,9.189,0.0,-0.525,15,0.544,0.24442108283339048
modelO-rubber_1_rotateRight_down-left,-1.385,-0.084,41.024,1.188,0.676,15,1.388,3.1371001217191017
modelO-rubber_2_rotateRight_down-left,-1.36,-0.077,45.0,1.169,0.666,15,1.362,3.1594838262027443
modelO-rubber_1_rotateRight_left,-0.833,0.122,9.462,-0.833,0.0,15,0.842,0.21865633397544598
modelO-rubber_2_rotateRight_left,-0.776,-0.094,14.242,-0.776,0.0,15,0.782,0.10722959573011703
modelO-rubber_1_rotateRight_up-left,-0.3,0.209,8.471,0.322,0.183,15,0.366,0.7364957180564834
modelO-rubber_2_rotateRight_up-left,-0.308,0.248,14.432,0.348,0.198,15,0.395,0.6678161985238433
modelO-pin-noStopper_1_noRotate_up,0.044,0.349,1.169,0.0,0.349,0,0.352,0.0644028989558137
modelO-pin-noStopper_2_noRotate_up,-0.015,0.261,4.764,0.0,0.261,0,0.261,0.09814748556500988
modelO-pin-noStopper_1_noRotate_up-right,0.187,0.197,1.169,0.242,0.138,0,0.272,0.10106267827611683
modelO-pin-noStopper_2_noRotate_up-right,0.379,0.149,2.386,0.395,0.225,0,0.407,0.11930950730837511
modelO-pin-noStopper_1_noRotate_right,0.52,-0.032,0.0,0.52,0.0,0,0.521,0.032
modelO-pin-noStopper_2_noRotate_right,0.778,0.124,0.0,0.778,0.0,0,0.788,0.124
modelO-pin-noStopper_1_noRotate_down-right,0.658,-0.391,0.0,0.748,0.426,0,0.765,0.8219422120806303
modelO-pin-noStopper_2_noRotate_down-right,1.187,-0.179,34.992,1.025,0.583,0,1.2,1.3897557781543863
modelO-pin-noStopper_1_noRotate_down,0.007,-0.309,1.169,0.0,-0.309,0,0.309,0.02740289895581371
modelO-pin-noStopper_2_noRotate_down,0.017,-0.303,1.169,0.0,-0.303,0,0.303,0.03740289895581371
modelO-pin-noStopper_1_noRotate_down-left,-0.781,-0.402,5.826,0.763,0.435,0,0.878,1.857958771710082
modelO-pin-noStopper_2_noRotate_down-left,-1.468,-0.203,53.839,1.263,0.719,0,1.482,3.822105152680847
modelO-pin-noStopper_1_noRotate_left,-0.615,-0.116,1.123,-0.615,0.0,0,0.626,0.13560004749989632
modelO-pin-noStopper_2_noRotate_left,-0.641,-0.051,13.434,-0.641,0.0,0,0.643,0.2854675317129183
modelO-pin-noStopper_1_noRotate_up-left,-0.155,0.086,3.46,0.209,0.119,0,0.177,0.4258812101058967
modelO-pin-noStopper_2_noRotate_up-left,-0.318,0.275,11.768,0.39,0.222,0,0.42,0.9153713320355765
modelO-pin-noStopper_1_noRotate_rotate-clockwise,0.098,-0.058,19.604,0.0,0.0,19.604,0.114,0.11387712676389408
modelO-pin-noStopper_2_noRotate_rotate-clockwise,0.018,-0.038,26.67,0.0,0.0,26.67,0.042,0.04204759208325728
modelO-pin-noStopper_1_noRotate_rotate-counterClockwise,-0.035,0.057,26.764,0.0,0.0,26.764,0.067,0.06688796603276258
modelO-pin-noStopper_2_noRotate_rotate-counterClockwise,0.154,0.078,14.292,0.0,0.0,14.292,0.173,0.17262676501632068
modelO-pin-noStopper_1_rotateLeft_up,0.015,0.205,1.219,0.0,0.205,15,0.206,0.25552382421733855
modelO-pin-noStopper_2_rotateLeft_up,-0.013,0.14,1.219,0.0,0.14,15,0.141,0.25352382421733854
modelO-pin-noStopper_1_rotateLeft_up-right,0.225,0.209,11.768,0.299,0.17,15,0.307,0.14005711372740934
modelO-pin-noStopper_2_rotateLeft_up-right,0.282,0.153,1.169,0.413,0.235,15,0.321,0.39594421609935204
modelO-pin-noStopper_1_rotateLeft_right,0.573,0.153,10.84,0.573,0.0,15,0.593,0.2256056968829641
modelO-pin-noStopper_2_rotateLeft_right,0.755,-0.089,4.677,0.755,0.0,15,0.76,0.26917033868337464
modelO-pin-noStopper_1_rotateLeft_down-right,1.117,-0.12,35.215,1.073,0.611,15,1.123,1.085141324452238
modelO-pin-noStopper_2_rotateLeft_down-right,1.056,-0.109,33.024,1.142,0.65,15,1.062,1.0784348063259255
modelO-pin-noStopper_1_rotateLeft_down,-0.024,-0.247,0.0,0.0,-0.247,15,0.248,0.28579938779914943
modelO-pin-noStopper_2_rotateLeft_down,-0.013,-0.093,0.02,0.0,-0.093,15,0.094,0.2744503219487506
modelO-pin-noStopper_1_rotateLeft_down-left,-1.071,-0.145,33.69,0.951,0.542,15,1.081,2.4617237533130316
modelO-pin-noStopper_2_rotateLeft_down-left,-1.243,-0.207,56.31,1.103,0.628,15,1.26,3.2111643837745603
modelO-pin-noStopper_1_rotateLeft_left,-0.397,0.038,7.125,-0.397,0.0,15,0.399,0.17544467859455345
modelO-pin-noStopper_2_rotateLeft_left,-0.598,-0.06,12.479,-0.598,0.0,15,0.601,0.10399975044277704
modelO-pin-noStopper_1_rotateLeft_up-left,-0.096,0.218,2.338,0.219,0.124,15,0.238,0.5497199198338771
modelO-pin-noStopper_2_rotateLeft_up-left,-0.227,0.125,1.169,0.229,0.131,15,0.259,0.6974359608191725
modelO-pin-noStopper_1_rotateRight_up,-0.011,0.16,1.169,0.0,0.16,15,0.16,0.2523964888433357
modelO-pin-noStopper_2_rotateRight_up,0.041,0.193,2.338,0.0,0.193,15,0.197,0.26199358988752197
modelO-pin-noStopper_1_rotateRight_up-right,0.171,0.129,1.169,0.198,0.113,15,0.214,0.2727811984962861
modelO-pin-noStopper_2_rotateRight_up-right,0.395,0.228,0.0,0.398,0.226,15,0.456,0.2654049390746134
modelO-pin-noStopper_1_rotateRight_right,0.578,0.032,2.386,0.578,0.0,15,0.579,0.2521558318465647
modelO-pin-noStopper_2_rotateRight_right,0.835,-0.095,12.235,0.835,0.0,15,0.84,0.14325835381764326
modelO-pin-noStopper_1_rotateRight_down-right,1.081,-0.016,34.992,1.078,0.614,15,1.081,0.9789333668753573
modelO-pin-noStopper_2_rotateRight_down-right,1.361,-0.222,31.192,1.188,0.676,15,1.379,1.1971161508893113
modelO-pin-noStopper_1_rotateRight_down,-0.007,-0.056,3.652,0.0,-0.056,15,0.056,0.2050599635163165
modelO-pin-noStopper_2_rotateRight_down,-0.063,-0.21,1.169,0.0,-0.21,15,0.219,0.3043964888433357
modelO-pin-noStopper_1_rotateRight_down-left,-1.236,-0.264,33.998,1.081,0.616,15,1.264,2.8100628741669182
modelO-pin-noStopper_2_rotateRight_down-left,-1.16,-0.296,22.891,1.05,0.598,15,1.197,2.5216987633567887
modelO-pin-noStopper_1_rotateRight_left,-0.622,-0.004,4.739,-0.622,0.0,15,0.622,0.18308823454713818
modelO-pin-noStopper_2_rotateRight_left,-0.857,0.04,21.865,-0.857,0.0,15,0.858,0.15981685314941066
modelO-pin-noStopper_1_rotateRight_up-left,-0.271,0.01,1.219,0.497,0.283,15,0.271,1.055602348041884
modelO-pin-noStopper_2_rotateRight_up-left,-0.263,0.151,5.826,0.365,0.208,15,0.303,0.7906979832634371
modelO-pin-stopper_1_noRotate_up,0.043,0.34,1.169,0.0,0.34,0,0.343,0.0634028989558137
modelO-pin-stopper_2_noRotate_up,0.026,0.301,0.0,0.0,0.301,0,0.302,0.026
modelO-pin-stopper_1_noRotate_up-right,0.152,0.128,2.386,0.182,0.104,0,0.199,0.0800623013771818
modelO-pin-stopper_2_noRotate_up-right,0.402,0.121,2.386,0.374,0.213,0,0.42,0.1378100781939552
modelO-pin-stopper_1_noRotate_right,0.507,-0.018,6.995,0.507,0.0,0,0.507,0.14008578117700335
modelO-pin-stopper_2_noRotate_right,0.641,0.043,16.927,0.641,0.0,0,0.642,0.3384318824850801
modelO-pin-stopper_1_noRotate_down-right,0.591,-0.346,0.0,0.596,0.339,0,0.685,0.6850182479321263
modelO-pin-stopper_2_noRotate_down-right,1.202,-0.176,38.089,1.192,0.679,0,1.215,1.5198369363245052
modelO-pin-stopper_1_noRotate_down,-0.04,-0.266,0.0,0.0,-0.266,0,0.269,0.04
modelO-pin-stopper_2_noRotate_down,-0.017,-0.224,2.386,0.0,-0.224,0,0.225,0.058643555952584706
modelO-pin-stopper_1_noRotate_down-left,-0.546,-0.382,1.169,0.583,0.332,0,0.666,1.356231106473532
modelO-pin-stopper_2_noRotate_down-left,-1.184,-0.003,41.73,1.205,0.686,0,1.184,3.2146971482997855
modelO-pin-stopper_1_noRotate_left,-0.699,0.027,14.292,-0.699,0.0,0,0.7,0.27644245669502954
modelO-pin-stopper_2_noRotate_left,-0.721,-0.061,5.906,-0.721,0.0,0,0.724,0.16407914562278508
modelO-pin-stopper_1_noRotate_up-left,-0.211,0.171,0.0,0.35,0.199,0,0.272,0.5616983176047441
modelO-pin-stopper_2_noRotate_up-left,-0.296,0.203,1.219,0.355,0.202,0,0.359,0.672276331630513
modelO-pin-stopper_1_noRotate_rotate-clockwise,-0.077,0.027,12.265,0.0,0.0,12.265,0.082,0.0815965685553014
modelO-pin-stopper_2_noRotate_rotate-clockwise,0.147,0.048,7.005,0.0,0.0,7.005,0.155,0.15463828762631845
modelO-pin-stopper_1_noRotate_rotate-counterClockwise,0.055,-0.176,16.113,0.0,0.0,16.113,0.184,0.1843936007566423
modelO-pin-stopper_2_noRotate_rotate-counterClockwise,-0.03,-0.122,19.179,0.0,0.0,19.179,0.126,0.12563439019631528
modelO-pin-stopper_1_rotateLeft_up,0.034,0.078,1.169,0.0,0.078,15,0.085,0.27539648884333573
modelO-pin-stopper_2_rotateLeft_up,0.066,0.087,1.169,0.0,0.087,15,0.109,0.3073964888433357
modelO-pin-stopper_1_rotateLeft_up-right,0.233,0.139,1.219,0.293,0.167,15,0.271,0.30673560564632596
modelO-pin-stopper_2_rotateLeft_up-right,0.335,0.103,4.657,0.317,0.181,15,0.35,0.2605693889185315
modelO-pin-stopper_1_rotateLeft_right,0.538,-0.132,2.338,0.538,0.0,15,0.554,0.35299358988752194
modelO-pin-stopper_2_rotateLeft_right,0.798,0.034,15.461,0.798,0.0,15,0.799,0.04204596785169379
modelO-pin-stopper_1_rotateLeft_down-right,0.622,-0.446,0.0,0.731,0.416,15,0.765,1.130663588926115
modelO-pin-stopper_2_rotateLeft_down-right,1.268,-0.128,49.536,1.315,0.749,15,1.274,1.4810254145551154
modelO-pin-stopper_1_rotateLeft_down,-0.008,-0.222,2.338,0.0,-0.222,15,0.222,0.22899358988752197
modelO-pin-stopper_2_rotateLeft_down,-0.004,-0.098,3.545,0.0,-0.098,15,0.098,0.20392746581595045
modelO-pin-stopper_1_rotateLeft_down-left,-1.18,-0.038,35.924,1.005,0.572,15,1.181,2.633743992526025
modelO-pin-stopper_2_rotateLeft_down-left,-1.324,-0.18,46.685,1.158,0.659,15,1.336,3.172977993174748
modelO-pin-stopper_1_rotateLeft_left,-0.576,0.026,7.125,-0.576,0.0,15,0.577,0.16344467859455344
modelO-pin-stopper_2_rotateLeft_left,-0.782,-0.111,17.7,-0.782,0.0,15,0.79,0.15812388980384692
modelO-pin-stopper_1_rotateLeft_up-left,-0.187,0.096,2.334,0.228,0.13,15,0.21,0.637453844830705
modelO-pin-stopper_2_rotateLeft_up-left,-0.13,0.135,1.169,0.301,0.171,15,0.187,0.6738973558944897
modelO-pin-stopper_1_rotateRight_up,0.024,0.108,2.386,0.0,0.108,15,0.111,0.2441558318465647
modelO-pin-stopper_2_rotateRight_up,0.012,0.17,3.801,0.0,0.17,15,0.17,0.20745942293084496
modelO-pin-stopper_1_rotateRight_up-right,0.133,0.087,1.169,0.227,0.129,15,0.159,0.34435279025320575
modelO-pin-stopper_2_rotateRight_up-right,0.307,0.198,0.0,0.327,0.186,15,0.365,0.28512319537853065
modelO-pin-stopper_1_rotateRight_right,0.847,-0.008,13.173,0.847,0.0,15,0.847,0.0398871654339364
modelO-pin-stopper_2_rotateRight_right,0.795,0.023,6.072,0.795,0.0,15,0.795,0.17882299561805373
modelO-pin-stopper_1_rotateRight_down-right,1.365,-0.121,48.468,1.167,0.665,15,1.37,1.3946821592238403
modelO-pin-stopper_2_rotateRight_down-right,1.126,-0.257,25.008,1.261,0.718,15,1.155,1.1589743345309675
modelO-pin-stopper_1_rotateRight_down,-0.007,-0.154,2.338,0.0,-0.154,15,0.154,0.22799358988752197
modelO-pin-stopper_2_rotateRight_down,0.077,-0.159,1.169,0.0,-0.159,15,0.177,0.3183964888433357
modelO-pin-stopper_1_rotateRight_down-left,-0.993,-0.241,29.739,1.016,0.578,15,1.022,2.4267698330807823
modelO-pin-stopper_2_rotateRight_down-left,-1.334,-0.096,50.933,1.143,0.651,15,1.337,3.214336435907252
modelO-pin-stopper_1_rotateRight_left,-0.743,0.028,9.866,-0.743,0.0,15,0.744,0.11760520379738885
modelO-pin-stopper_2_rotateRight_left,-0.581,0.107,16.793,-0.581,0.0,15,0.591,0.1382937534882583
modelO-pin-stopper_1_rotateRight_up-left,-0.171,0.166,2.595,0.214,0.122,15,0.238,0.6040142226936843
modelO-pin-stopper_2_rotateRight_up-left,-0.183,0.205,5.956,0.253,0.144,15,0.275,0.5980940993992058
modelK-pin_1_noRotate_up,0.089,0.328,1.169,0.0,0.328,0,0.34,0.1094028989558137
modelK-pin_2_noRotate_up,0.096,0.24,1.219,0.0,0.24,0,0.258,0.11727556358181088
modelK-pin_1_noRotate_up-right,0.184,0.195,0.0,0.237,0.136,0,0.268,0.0793095202355934
modelK-pin_2_noRotate_up-right,0.269,0.127,5.743,0.331,0.19,0,0.297,0.18862543497222417
modelK-pin_1_noRotate_right,0.845,-0.03,8.294,0.845,0.0,0,0.846,0.1747576081604097
modelK-pin_2_noRotate_right,0.562,-0.05,3.555,0.562,0.0,0,0.564,0.11204645490839843
modelK-pin_1_noRotate_down-right,1.242,-0.187,33.294,1.072,0.616,0,1.256,1.401887703807069
modelK-pin_2_noRotate_down-right,1.178,-0.01,40.101,1.078,0.62,0,1.178,1.3377816206949285
modelK-pin_1_noRotate_down,0.02,-0.417,1.219,0.0,-0.417,0,0.417,0.04127556358181088
modelK-pin_2_noRotate_down,0.197,-0.269,0.0,0.0,-0.269,0,0.333,0.197
modelK-pin_1_noRotate_down-left,-1.354,-0.195,37.553,1.227,0.706,0,1.368,3.3891685442941606
modelK-pin_2_noRotate_down-left,-1.087,-0.117,38.66,1.062,0.611,0,1.093,2.943705504884429
modelK-pin_1_noRotate_left,-0.699,0.04,16.531,-0.699,0.0,0,0.7,0.32852037864718264
modelK-pin_2_noRotate_left,-0.655,-0.022,17.7,-0.655,0.0,0,0.655,0.3309232776029964
modelK-pin_1_noRotate_up-left,-0.371,0.266,3.555,0.425,0.244,0,0.457,0.8583504169731366
modelK-pin_2_noRotate_up-left,-0.285,0.235,1.219,0.324,0.186,0,0.369,0.6322436478546312
modelK-pin_1_noRotate_rotate-clockwise,0.068,-0.097,17.429,0.0,0.0,17.429,0.118,0.11846096403457132
modelK-pin_2_noRotate_rotate-clockwise,-0.084,-0.09,32.929,0.0,0.0,32.929,0.123,0.12310970717209915
modelK-pin_1_noRotate_rotate-counterClockwise,0.059,0.071,22.891,0.0,0.0,22.891,0.092,0.09231467922275416
modelK-pin_2_noRotate_rotate-counterClockwise,0.136,-0.079,16.26,0.0,0.0,16.26,0.157,0.15728000508646992
modelK-pin_1_rotateLeft_up,-0.004,0.148,2.045,0.0,0.148,15,0.148,0.2301074045958654
modelK-pin_2_rotateLeft_up,-0.013,0.158,1.219,0.0,0.158,15,0.159,0.25352382421733854
modelK-pin_1_rotateLeft_up-right,0.106,0.252,1.004,0.283,0.163,15,0.273,0.4423924096707158
modelK-pin_2_rotateLeft_up-right,0.263,0.065,2.338,0.232,0.133,15,0.271,0.2957264474536555
modelK-pin_1_rotateLeft_right,0.495,0.054,3.013,0.495,0.0,15,0.498,0.26321261743656027
modelK-pin_2_rotateLeft_right,0.577,-0.113,20.556,0.577,0.0,15,0.588,0.20997049324080494
modelK-pin_1_rotateLeft_down-right,1.049,-0.322,29.476,1.038,0.597,15,1.097,1.1717196925874707
modelK-pin_2_rotateLeft_down-right,1.106,-0.273,22.62,1.042,0.599,15,1.139,1.0073395584818527
modelK-pin_1_rotateLeft_down,-0.089,-0.057,4.281,0.0,-0.057,15,0.106,0.2760818425212722
modelK-pin_2_rotateLeft_down,0.039,-0.162,1.169,0.0,-0.162,15,0.167,0.28039648884333573
modelK-pin_1_rotateLeft_down-left,-0.862,-0.139,46.042,1.007,0.579,15,0.873,2.5439551791002035
modelK-pin_2_rotateLeft_down-left,-1.304,-0.256,20.556,1.134,0.652,15,1.329,2.698567694961317
modelK-pin_1_rotateLeft_left,-0.439,-0.012,12.171,-0.439,0.0,15,0.439,0.06137536453891963
modelK-pin_2_rotateLeft_left,-0.654,-0.029,6.961,-0.654,0.0,15,0.655,0.16930701856782415
modelK-pin_1_rotateLeft_up-left,-0.209,0.102,1.077,0.262,0.15,15,0.233,0.7164417338299743
modelK-pin_2_rotateLeft_up-left,-0.285,0.133,2.438,0.271,0.156,15,0.315,0.7757237767186704
modelK-pin_1_rotateRight_up,0.009,0.066,1.169,0.0,0.066,15,0.067,0.2503964888433357
modelK-pin_2_rotateRight_up,0.022,0.179,1.169,0.0,0.179,15,0.18,0.2633964888433357
modelK-pin_1_rotateRight_up-right,0.141,0.182,2.388,0.361,0.208,15,0.23,0.441651961461873
modelK-pin_2_rotateRight_up-right,0.377,0.086,0.04,0.388,0.223,15,0.387,0.39854215248658104
modelK-pin_1_rotateRight_right,0.839,0.102,19.885,0.839,0.0,15,0.845,0.187259333959923
modelK-pin_2_rotateRight_right,0.823,-0.061,17.429,0.823,0.0,15,0.825,0.10339404753094229
modelK-pin_1_rotateRight_down-right,1.019,-0.058,21.775,0.985,0.567,15,1.021,0.7441701736291182
modelK-pin_2_rotateRight_down-right,1.221,-0.121,54.535,1.117,0.642,15,1.227,1.4600711126030699
modelK-pin_1_rotateRight_down,0.003,-0.093,0.0,0.0,-0.093,15,0.093,0.2647993877991494
modelK-pin_2_rotateRight_down,0.038,-0.152,1.169,0.0,-0.152,15,0.157,0.27939648884333573
modelK-pin_1_rotateRight_down-left,-0.879,-0.228,11.483,0.797,0.458,15,0.908,1.872342091832306
modelK-pin_2_rotateRight_down-left,-1.274,-0.087,32.521,1.1,0.632,15,1.277,2.7862904202262033
modelK-pin_1_rotateRight_left,-0.658,0.077,5.906,-0.658,0.0,15,0.662,0.23572024217636434
modelK-pin_2_rotateRight_left,-0.845,-0.111,15.091,-0.845,0.0,15,0.852,0.11258824961931489
modelK-pin_1_rotateRight_up-left,-0.34,0.067,1.169,0.393,0.226,15,0.347,0.991443154058241
modelK-pin_2_rotateRight_up-left,-0.425,0.119,1.169,0.378,0.217,15,0.441,1.050354460557565
2link-v-2link_1_noRotate_up,0.017,0.314,3.309,0.0,0.314,0,0.314,0.07475294494849237
2link-v-2link_2_noRotate_up,0.006,0.342,0.0,0.0,0.342,0,0.342,0.006
2link-v-2link_1_noRotate_up-right,0.294,0.243,1.076,0.351,0.182,0,0.381,0.1022662686104262
2link-v-2link_2_noRotate_up-right,0.256,0.26,4.552,0.344,0.179,0,0.365,0.19905089920491348
2link-v-2link_1_noRotate_right,0.632,-0.049,2.243,0.632,0.0,0,0.634,0.08814773512223281
2link-v-2link_2_noRotate_right,0.865,0.258,24.622,0.865,0.0,0,0.903,0.6877349684260439
2link-v-2link_1_noRotate_down-right,0.294,-0.123,11.31,0.28,0.145,0,0.319,0.46576216091247624
2link-v-2link_2_noRotate_down-right,0.402,-0.156,7.89,0.397,0.206,0,0.431,0.499741006722361
2link-v-2link_1_noRotate_down,0.101,-0.254,12.653,0.0,-0.254,0,0.273,0.3218365102548425
2link-v-2link_2_noRotate_down,-0.033,-0.19,3.476,0.0,-0.19,0,0.193,0.0936676447993229
2link-v-2link_1_noRotate_down-left,-0.361,-0.243,10.214,0.419,0.217,0,0.435,1.0838064436124424
2link-v-2link_2_noRotate_down-left,-0.513,-0.248,5.697,0.523,0.272,0,0.57,1.2586104273100611
2link-v-2link_1_noRotate_left,-0.643,-0.024,0.0,-0.643,0.0,0,0.643,0.024
2link-v-2link_2_noRotate_left,-0.847,0.233,15.137,-0.847,0.0,0,0.878,0.49719048887438166
2link-v-2link_1_noRotate_up-left,-0.293,0.249,0.0,0.366,0.19,0,0.385,0.6616358515074587
2link-v-2link_2_noRotate_up-left,-0.346,0.317,4.49,0.456,0.237,0,0.469,0.8843454320534558
2link-v-2link_1_noRotate_rotate-clockwise,0.039,-0.04,27.487,0.0,0.0,27.487,0.056,0.05586591089385369
2link-v-2link_2_noRotate_rotate-clockwise,0.074,0.019,34.813,0.0,0.0,34.813,0.076,0.07640026177965623
2link-v-2link_1_noRotate_rotate-counterClockwise,0.044,-0.025,21.679,0.0,0.0,21.679,0.051,0.05060632371551998
2link-v-2link_2_noRotate_rotate-counterClockwise,-0.041,0.008,16.519,0.0,0.0,16.519,0.042,0.041773197148410844
2link-v-2link_1_rotateLeft_up,0.001,0.326,1.123,0.0,0.326,15,0.326,0.2431993402992531
2link-v-2link_2_rotateLeft_up,-0.031,0.162,6.723,0.0,0.162,15,0.165,0.17546090218757066
2link-v-2link_1_rotateLeft_up-right,0.274,0.294,7.967,0.383,0.199,15,0.402,0.26733807918556307
2link-v-2link_2_rotateLeft_up-right,0.275,0.125,4.49,0.268,0.139,15,0.302,0.19908658022710254
2link-v-2link_1_rotateLeft_right,0.707,-0.14,11.529,0.707,0.0,15,0.721,0.20058037833672318
2link-v-2link_2_rotateLeft_right,0.517,-0.004,4.49,0.517,0.0,15,0.517,0.187434104384604
2link-v-2link_1_rotateLeft_down-right,0.33,-0.087,11.31,0.327,0.17,15,0.341,0.32142015852977823
2link-v-2link_2_rotateLeft_down-right,0.361,-0.17,6.723,0.354,0.184,15,0.399,0.498530104463058
2link-v-2link_1_rotateLeft_down,-0.03,-0.069,4.476,0.0,-0.069,15,0.075,0.21367845047988324
2link-v-2link_2_rotateLeft_down,0.043,-0.088,1.076,0.0,-0.088,15,0.098,0.28601964504769045
2link-v-2link_1_rotateLeft_down-left,-0.414,-0.082,1.123,0.388,0.202,15,0.422,1.092998964182574
2link-v-2link_2_rotateLeft_down-left,-0.429,-0.152,2.203,0.491,0.255,15,0.455,1.2293562455895695
2link-v-2link_1_rotateLeft_left,-0.429,-0.139,29.265,-0.429,0.0,15,0.451,0.38797121779699095
2link-v-2link_2_rotateLeft_left,-0.427,0.24,31.002,-0.427,0.0,15,0.49,0.5192875869041325
2link-v-2link_1_rotateLeft_up-left,-0.262,0.287,11.529,0.369,0.192,15,0.389,0.6986916538992225
2link-v-2link_2_rotateLeft_up-left,-0.212,0.231,1.076,0.339,0.176,15,0.314,0.7967578503396858
2link-v-2link_1_rotateRight_up,-0.043,0.193,8.939,0.0,0.193,15,0.198,0.14878440596337633
2link-v-2link_2_rotateRight_up,-0.03,0.153,4.49,0.0,0.153,15,0.156,0.213434104384604
2link-v-2link_1_rotateRight_up-right,0.215,0.213,7.967,0.339,0.176,15,0.303,0.252151479221218
2link-v-2link_2_rotateRight_up-right,0.157,0.173,13.735,0.223,0.116,15,0.234,0.10928506616022012
2link-v-2link_1_rotateRight_right,0.71,-0.276,19.885,0.71,0.0,15,0.762,0.36125933395992305
2link-v-2link_2_rotateRight_right,0.378,0.197,28.61,0.378,0.0,15,0.426,0.4345393111964283
2link-v-2link_1_rotateRight_down-right,0.297,-0.142,2.243,0.291,0.151,15,0.329,0.5157130796849758
2link-v-2link_2_rotateRight_down-right,0.326,-0.198,5.719,0.355,0.184,15,0.381,0.5450832117399875
2link-v-2link_1_rotateRight_down,0.043,-0.116,9.284,0.0,-0.116,15,0.124,0.14276302004399594
2link-v-2link_2_rotateRight_down,-0.006,-0.18,2.243,0.0,-0.18,15,0.18,0.22865165267691662
2link-v-2link_1_rotateRight_down-left,-0.433,-0.227,15.137,0.464,0.241,15,0.489,1.0141385992189142
2link-v-2link_2_rotateRight_down-left,-0.321,-0.199,13.735,0.34,0.177,15,0.378,0.7825368294168449
2link-v-2link_1_rotateRight_left,-0.527,0.091,9.284,-0.527,0.0,15,0.535,0.19076302004399592
2link-v-2link_2_rotateRight_left,-0.523,-0.158,11.529,-0.523,0.0,15,0.546,0.21858037833672317
2link-v-2link_1_rotateRight_up-left,-0.355,0.194,0.0,0.362,0.188,15,0.405,0.9788244919621765
2link-v-2link_2_rotateRight_up-left,-0.331,0.304,3.309,0.418,0.217,15,0.449,0.958082251018943
2link-v-3link_1_noRotate_up,-0.023,0.365,2.243,0.0,0.365,0,0.366,0.06214773512223281
2link-v-3link_2_noRotate_up,0.027,0.361,1.123,0.0,0.361,0,0.362,0.04660004749989632
2link-v-3link_1_noRotate_up-right,0.3,0.28,4.476,0.382,0.198,0,0.41,0.19408644943386
2link-v-3link_2_noRotate_up-right,0.374,0.315,7.967,0.46,0.239,0,0.489,0.25381971538961684
2link-v-3link_1_noRotate_right,0.721,-0.133,11.529,0.721,0.0,0,0.733,0.3342190094624262
2link-v-3link_2_noRotate_right,0.92,-0.301,30.636,0.92,0.0,0,0.968,0.8356990696409827
2link-v-3link_1_noRotate_down-right,1.262,-0.431,59.099,1.166,0.606,0,1.334,2.072906242009226
2link-v-3link_2_noRotate_down-right,0.395,-0.128,2.243,0.385,0.2,0,0.415,0.3673001387398202
2link-v-3link_1_noRotate_down,0.059,-0.184,13.735,0.0,-0.184,0,0.193,0.2987209727614212
2link-v-3link_2_noRotate_down,0.118,-0.29,16.519,0.0,-0.29,0,0.313,0.40631093913694327
2link-v-3link_1_noRotate_down-left,-0.188,-0.36,21.371,0.526,0.273,0,0.406,1.327187691071318
2link-v-3link_2_noRotate_down-left,-0.142,-0.466,31.297,0.49,0.255,0,0.487,1.5050187788678642
2link-v-3link_1_noRotate_left,-0.801,-0.309,18.762,-0.801,0.0,0,0.859,0.6364586742591761
2link-v-3link_2_noRotate_left,-0.492,0.025,3.414,-0.492,0.0,0,0.493,0.0845855406630864
2link-v-3link_1_noRotate_up-left,-0.369,0.277,1.123,0.427,0.222,0,0.461,0.8174979106377794
2link-v-3link_2_noRotate_up-left,-0.375,0.333,9.133,0.488,0.254,0,0.502,1.0260092519547022
2link-v-3link_1_noRotate_rotate-clockwise,0.059,-0.014,30.636,0.0,0.0,30.636,0.061,0.06063827174318213
2link-v-3link_2_noRotate_rotate-clockwise,0.035,0.0,31.002,0.0,0.0,31.002,0.035,Differance
2link-v-3link_1_noRotate_rotate-counterClockwise,-0.024,-0.052,24.622,0.0,0.0,24.622,0.057,0.05727128425310541
2link-v-3link_2_noRotate_rotate-counterClockwise,-0.117,-0.119,20.709,0.0,0.0,20.709,0.167,0.16688319268278637
2link-v-3link_1_rotateLeft_up,0.051,0.181,13.601,0.0,0.181,15,0.188,0.07541715623540066
2link-v-3link_2_rotateLeft_up,0.002,0.172,1.167,0.0,0.172,15,0.172,0.2434313954283756
2link-v-3link_1_rotateLeft_up-right,0.172,0.147,7.815,0.279,0.145,15,0.226,0.23242059671226706
2link-v-3link_2_rotateLeft_up-right,0.304,0.226,3.414,0.349,0.181,15,0.379,0.2658534574428523
2link-v-3link_1_rotateLeft_right,0.389,0.13,15.982,0.389,0.0,15,0.41,0.14713913325458433
2link-v-3link_2_rotateLeft_right,0.422,0.097,10.214,0.422,0.0,15,0.433,0.18053145800044862
2link-v-3link_1_rotateLeft_down-right,1.094,-0.196,50.396,1.089,0.565,15,1.111,1.3787931676142309
2link-v-3link_2_rotateLeft_down-right,0.242,-0.133,2.247,0.252,0.131,15,0.276,0.48677116555919653
2link-v-3link_1_rotateLeft_down,0.106,-0.146,14.859,0.0,-0.146,15,0.18,0.108460914245312
2link-v-3link_2_rotateLeft_down,-0.045,-0.013,11.381,0.0,-0.013,15,0.047,0.10816346562967473
2link-v-3link_1_rotateLeft_down-left,-0.421,-0.012,10.408,0.411,0.213,15,0.421,0.942032402780967
2link-v-3link_2_rotateLeft_down-left,-0.201,-0.003,11.531,0.279,0.145,15,0.201,0.5628441876568706
2link-v-3link_1_rotateLeft_left,-0.433,-0.312,34.416,-0.433,0.0,15,0.534,0.650873127567219
2link-v-3link_2_rotateLeft_left,-0.273,-0.136,18.762,-0.273,0.0,15,0.305,0.20165928646002673
2link-v-3link_1_rotateLeft_up-left,-0.197,0.247,15.982,0.305,0.159,15,0.316,0.5267939183787896
2link-v-3link_2_rotateLeft_up-left,-0.261,0.292,6.888,0.419,0.218,15,0.392,0.8255957286485809
2link-v-3link_1_rotateRight_up,-0.007,0.322,1.167,0.0,0.322,15,0.322,0.2484313954283756
2link-v-3link_2_rotateRight_up,-0.046,0.165,5.724,0.0,0.165,15,0.171,0.20789674141499398
2link-v-3link_1_rotateRight_up-right,0.17,0.203,12.913,0.267,0.138,15,0.265,0.15318974218848358
2link-v-3link_2_rotateRight_up-right,0.261,0.282,12.433,0.375,0.195,15,0.384,0.1882076227312999
2link-v-3link_1_rotateRight_right,0.724,-0.212,18.762,0.724,0.0,15,0.754,0.2776592864600267
2link-v-3link_2_rotateRight_right,0.69,-0.267,27.072,0.69,0.0,15,0.74,0.4776961473007555
2link-v-3link_1_rotateRight_down-right,1.183,-0.305,48.64,1.055,0.548,15,1.222,1.4496790487599234
2link-v-3link_2_rotateRight_down-right,0.156,-0.068,19.558,0.162,0.084,15,0.17,0.23167048226435288
2link-v-3link_1_rotateRight_down,0.049,-0.115,13.97,0.0,-0.115,15,0.125,0.0669768912955416
2link-v-3link_2_rotateRight_down,0.103,-0.181,26.683,0.0,-0.181,15,0.208,0.3069068165104975
2link-v-3link_1_rotateRight_down-left,-0.182,-0.235,18.762,0.285,0.148,15,0.297,0.6696278286871861
2link-v-3link_2_rotateRight_down-left,-0.032,-0.385,49.394,0.509,0.264,15,0.386,1.4452039233093437
2link-v-3link_1_rotateRight_left,-0.598,0.163,9.284,-0.598,0.0,15,0.62,0.26276302004399593
2link-v-3link_2_rotateRight_left,-0.384,-0.183,14.859,-0.384,0.0,15,0.425,0.185460914245312
2link-v-3link_1_rotateRight_up-left,-0.309,0.193,3.451,0.33,0.171,15,0.364,0.8409466798969949
2link-v-3link_2_rotateRight_up-left,-0.159,0.103,10.187,0.174,0.09,15,0.189,0.41725635404271105
3link-v-3link_1_noRotate_up,-0.064,0.43,3.451,0.0,0.43,0,0.435,0.12423131248632432
3link-v-3link_2_noRotate_up,0.024,0.391,1.076,0.0,0.391,0,0.392,0.04277974275145899
3link-v-3link_1_noRotate_up-right,0.25,0.269,4.476,0.351,0.182,0,0.367,0.21142510079513066
3link-v-3link_2_noRotate_up-right,0.337,0.295,9.09,0.533,0.277,0,0.448,0.355475224192257
3link-v-3link_1_noRotate_right,0.85,-0.008,4.49,0.85,0.0,0,0.85,0.08636528341454541
3link-v-3link_2_noRotate_right,0.989,-0.332,28.759,0.989,0.0,0,1.043,0.8339392395810492
3link-v-3link_1_noRotate_down-right,1.036,-0.49,64.051,1.159,0.602,0,1.146,2.2168062036371587
3link-v-3link_2_noRotate_down-right,1.028,-0.553,63.317,1.163,0.604,0,1.167,2.269939468967446
3link-v-3link_1_noRotate_down,-0.024,-0.197,0.0,0.0,-0.197,0,0.198,0.024
3link-v-3link_2_noRotate_down,0.038,-0.223,3.476,0.0,-0.223,0,0.226,0.09866764479932288
3link-v-3link_1_noRotate_down-left,-1.031,-0.34,48.64,1.096,0.569,0,1.086,3.162023476944885
3link-v-3link_2_noRotate_down-left,-1.173,-0.493,55.851,1.133,0.588,0,1.272,3.5215851676866534
3link-v-3link_1_noRotate_left,-0.922,-0.158,13.776,-0.922,0.0,0,0.935,0.3984365577547388
3link-v-3link_2_noRotate_left,-1.104,-0.257,27.487,-1.104,0.0,0,1.134,0.7367386514956813
3link-v-3link_1_noRotate_up-left,-0.425,0.313,4.49,0.489,0.254,0,0.528,0.9942675707793056
3link-v-3link_2_noRotate_up-left,-0.38,0.265,1.079,0.442,0.229,0,0.463,0.8416200461478821
3link-v-3link_1_noRotate_rotate-clockwise,-0.051,0.014,24.076,0.0,0.0,24.076,0.053,0.05288667128870941
3link-v-3link_2_noRotate_rotate-clockwise,0.033,0.053,31.906,0.0,0.0,31.906,0.062,0.06243396511515186
3link-v-3link_1_noRotate_rotate-counterClockwise,-0.043,-0.032,24.781,0.0,0.0,24.781,0.054,0.05360037313302959
3link-v-3link_2_noRotate_rotate-counterClockwise,-0.049,-0.029,22.011,0.0,0.0,22.011,0.057,0.05693856338194704
3link-v-3link_1_rotateLeft_up,0.028,0.17,14.859,0.0,0.17,15,0.172,0.030460914245312005
3link-v-3link_2_rotateLeft_up,0.089,0.235,152.513,0.0,0.235,15,0.251,3.972130692884624
3link-v-3link_1_rotateLeft_up-right,0.249,0.077,10.214,0.237,0.123,15,0.261,0.13107091529646747
3link-v-3link_2_rotateLeft_up-right,0.257,0.106,4.49,0.295,0.153,15,0.278,0.2438741573296503
3link-v-3link_1_rotateLeft_right,0.418,0.088,10.214,0.418,0.0,15,0.427,0.1715314580004486
3link-v-3link_2_rotateLeft_right,0.627,-0.133,6.723,0.627,0.0,15,0.641,0.2774609021875707
3link-v-3link_1_rotateLeft_down-right,1.225,-0.343,57.875,1.099,0.571,15,1.272,1.670953943489756
3link-v-3link_2_rotateLeft_down-right,0.344,-0.2,11.182,0.356,0.185,15,0.398,0.45182363842961215
3link-v-3link_1_rotateLeft_down,-0.104,-0.143,19.558,0.0,-0.143,15,0.177,0.1835521073059015
3link-v-3link_2_rotateLeft_down,-0.002,-0.193,8.939,0.0,-0.193,15,0.193,0.10778440596337634
3link-v-3link_1_rotateLeft_down-left,-1.287,-0.282,42.853,1.132,0.588,15,1.318,3.05681926475941
3link-v-3link_2_rotateLeft_down-left,-1.15,-0.381,53.13,1.083,0.562,15,1.211,3.0894449508790616
3link-v-3link_1_rotateLeft_left,-0.864,-0.256,18.435,-0.864,0.0,15,0.901,0.3159520598060052
3link-v-3link_2_rotateLeft_left,-0.956,0.402,31.399,-0.956,0.0,15,1.037,0.6882165440345501
3link-v-3link_1_rotateLeft_up-left,-0.254,0.258,12.433,0.385,0.2,15,0.362,0.6864294404894754
3link-v-3link_2_rotateLeft_up-left,-0.234,0.242,7.815,0.419,0.217,15,0.337,0.7788802920142494
3link-v-3link_1_rotateRight_up,-0.086,0.174,15.137,0.0,0.174,15,0.194,0.08839110107523218
3link-v-3link_2_rotateRight_up,0.054,0.16,13.496,0.0,0.16,15,0.169,0.08024975194999469
3link-v-3link_1_rotateRight_up-right,0.152,0.245,21.008,0.28,0.145,15,0.288,0.2672909054937949
3link-v-3link_2_rotateRight_up-right,0.185,0.232,13.735,0.285,0.148,15,0.297,0.1526770367762444
3link-v-3link_1_rotateRight_right,0.674,-0.288,27.487,0.674,0.0,15,0.733,0.5059392636965319
3link-v-3link_2_rotateRight_right,0.651,0.271,31.297,0.651,0.0,15,0.705,0.555436308197516
3link-v-3link_1_rotateRight_down-right,1.145,-0.39,52.243,1.086,0.564,15,1.21,1.605835655620684
3link-v-3link_2_rotateRight_down-right,1.154,-0.451,58.703,1.111,0.577,15,1.239,1.791660169036037
3link-v-3link_1_rotateRight_down,-0.126,-0.15,17.384,0.0,-0.15,15,0.196,0.16760864936754483
3link-v-3link_2_rotateRight_down,-0.044,-0.197,24.622,0.0,-0.197,15,0.202,0.21193558062689433
3link-v-3link_1_rotateRight_down-left,-0.986,-0.365,47.147,1.091,0.566,15,1.051,2.8371839092366606
3link-v-3link_2_rotateRight_down-left,-0.264,-0.379,30.813,0.505,0.262,15,0.462,1.2771092870007252
3link-v-3link_1_rotateRight_left,-0.664,0.123,7.007,-0.664,0.0,15,0.675,0.2625041671119067
3link-v-3link_2_rotateRight_left,-0.558,-0.231,12.653,-0.558,0.0,15,0.604,0.2719628775443069
3link-v-3link_1_rotateRight_up-left,-0.276,0.232,3.451,0.385,0.2,15,0.361,0.8633422059646663
3link-v-3link_2_rotateRight_up-left,-0.191,0.156,7.89,0.24,0.125,15,0.247,0.5562063208560748
