trial,span,depth,theta,ideal-span,ideal-depth,ideal-theta,magnitude
barrett_1_noRotate_up,-0.023,0.357,2.386,0.0,0.357,0,0.358
barrett_2_noRotate_up,-0.008,0.335,4.673,0.0,0.335,0,0.335
barrett_1_noRotate_up-right,0.128,0.113,0.0,0.137,0.098,0,0.171
barrett_2_noRotate_up-right,0.126,0.228,4.673,0.26,0.186,0,0.26
barrett_1_noRotate_right,0.553,0.007,1.169,0.553,0.0,0,0.553
barrett_2_noRotate_right,0.477,-0.031,3.555,0.477,0.0,0,0.478
barrett_1_noRotate_down-right,0.697,-0.617,0.0,0.754,0.54,0,0.931
barrett_2_noRotate_down-right,0.572,-0.345,1.169,0.578,0.414,0,0.668
barrett_1_noRotate_down,0.009,-0.276,0.0,0.0,-0.276,0,0.276
barrett_2_noRotate_down,-0.017,-0.337,4.581,0.0,-0.337,0,0.337
barrett_1_noRotate_down-left,-0.71,-0.45,2.284,0.722,0.517,0,0.841
barrett_2_noRotate_down-left,-0.66,-0.609,2.338,0.721,0.516,0,0.898
barrett_1_noRotate_left,-0.505,-0.074,4.574,-0.505,0.0,0,0.51
barrett_2_noRotate_left,-0.5,-0.367,20.842,-0.5,0.0,0,0.62
barrett_1_noRotate_up-left,-0.167,0.138,2.386,0.174,0.125,0,0.217
barrett_2_noRotate_up-left,-0.211,0.155,5.826,0.23,0.165,0,0.262
barrett_1_noRotate_rotate-clockwise,-0.08,-0.073,16.26,0.0,0.0,16.26,0.108
barrett_2_noRotate_rotate-clockwise,0.152,-0.095,31.855,0.0,0.0,31.855,0.179
barrett_1_noRotate_rotate-counterClockwise,-0.031,-0.037,14.292,0.0,0.0,14.292,0.048
barrett_2_noRotate_rotate-counterClockwise,-0.168,-0.049,23.275,0.0,0.0,23.275,0.175
barrett_1_rotateLeft_up,-0.025,0.175,0.0,0.0,0.175,15,0.177
barrett_2_rotateLeft_up,0.044,0.264,0.0,0.0,0.264,15,0.268
barrett_1_rotateLeft_up-right,0.188,0.12,2.388,0.294,0.21,15,0.223
barrett_2_rotateLeft_up-right,0.24,0.097,5.743,0.246,0.176,15,0.259
barrett_1_rotateLeft_right,0.553,-0.151,1.169,0.553,0.0,15,0.573
barrett_2_rotateLeft_right,0.589,-0.143,4.657,0.589,0.0,15,0.606
barrett_1_rotateLeft_down-right,0.714,-0.54,1.219,0.725,0.519,15,0.895
barrett_2_rotateLeft_down-right,0.64,-0.431,3.555,0.665,0.476,15,0.772
barrett_1_rotateLeft_down,-0.03,-0.244,1.169,0.0,-0.244,15,0.246
barrett_2_rotateLeft_down,0.066,-0.342,1.217,0.0,-0.342,15,0.348
barrett_1_rotateLeft_down-left,-0.753,-0.374,4.607,0.705,0.505,15,0.841
barrett_2_rotateLeft_down-left,-0.755,-0.35,5.826,0.692,0.495,15,0.832
barrett_1_rotateLeft_left,-0.571,-0.053,1.169,-0.571,0.0,15,0.573
barrett_2_rotateLeft_left,-0.566,-0.072,1.169,-0.566,0.0,15,0.571
barrett_1_rotateLeft_up-left,-0.134,0.152,7.125,0.211,0.151,15,0.203
barrett_2_rotateLeft_up-left,-0.201,0.194,2.334,0.226,0.162,15,0.279
barrett_1_rotateRight_up,0.02,0.127,5.956,0.0,0.127,15,0.129
barrett_2_rotateRight_up,0.065,0.23,2.386,0.0,0.23,15,0.239
barrett_1_rotateRight_up-right,0.072,0.159,17.021,0.174,0.125,15,0.175
barrett_2_rotateRight_up-right,0.077,0.202,3.405,0.201,0.144,15,0.216
barrett_1_rotateRight_right,0.565,0.003,1.169,0.565,0.0,15,0.565
barrett_2_rotateRight_right,0.546,-0.068,12.794,0.546,0.0,15,0.55
barrett_1_rotateRight_down-right,0.717,-0.585,1.169,0.746,0.534,15,0.925
barrett_2_rotateRight_down-right,0.521,-0.397,9.462,0.531,0.38,15,0.655
barrett_1_rotateRight_down,-0.013,-0.127,1.169,0.0,-0.127,15,0.128
barrett_2_rotateRight_down,-0.045,-0.28,2.386,0.0,-0.28,15,0.284
barrett_1_rotateRight_down-left,-0.619,-0.661,2.292,0.723,0.517,15,0.906
barrett_2_rotateRight_down-left,-0.421,-0.518,15.091,0.544,0.389,15,0.668
barrett_1_rotateRight_left,-0.45,0.028,1.169,-0.45,0.0,15,0.451
barrett_2_rotateRight_left,-0.662,-0.191,2.291,-0.662,0.0,15,0.689
barrett_1_rotateRight_up-left,-0.179,0.127,2.338,0.181,0.129,15,0.219
barrett_2_rotateRight_up-left,-0.225,0.196,4.574,0.364,0.26,15,0.298
modelO-rubber_1_noRotate_up,-0.095,0.371,0.04,0.0,0.371,0,0.383
modelO-rubber_2_noRotate_up,0.0,0.292,4.764,0.0,0.292,0,0.292
modelO-rubber_1_noRotate_up-right,0.175,0.258,2.489,0.281,0.16,0,0.312
modelO-rubber_2_noRotate_up-right,0.243,0.343,0.04,0.419,0.239,0,0.42
modelO-rubber_1_noRotate_right,0.729,-0.155,16.927,0.729,0.0,0,0.745
modelO-rubber_2_noRotate_right,0.686,0.08,7.291,0.686,0.0,0,0.691
modelO-rubber_1_noRotate_down-right,0.961,-0.362,19.179,0.909,0.518,0,1.027
modelO-rubber_2_noRotate_down-right,0.955,-0.056,26.461,0.848,0.483,0,0.957
modelO-rubber_1_noRotate_down,0.025,-0.519,0.04,0.0,-0.519,0,0.52
modelO-rubber_2_noRotate_down,-0.07,-0.344,0.04,0.0,-0.344,0,0.351
modelO-rubber_1_noRotate_down-left,-1.279,-0.104,39.067,1.093,0.622,0,1.283
modelO-rubber_2_noRotate_down-left,-1.355,-0.073,43.831,1.155,0.658,0,1.357
modelO-rubber_1_noRotate_left,-0.98,-0.009,11.768,-0.98,0.0,0,0.98
modelO-rubber_2_noRotate_left,-0.722,0.14,11.768,-0.722,0.0,0,0.735
modelO-rubber_1_noRotate_up-left,-0.338,0.169,0.02,0.707,0.402,0,0.378
modelO-rubber_2_noRotate_up-left,-0.354,0.156,10.408,0.471,0.268,0,0.387
modelO-rubber_1_noRotate_rotate-clockwise,0.096,0.169,26.565,0.0,0.0,26.565,0.194
modelO-rubber_2_noRotate_rotate-clockwise,-0.186,-0.043,24.811,0.0,0.0,24.811,0.191
modelO-rubber_1_noRotate_rotate-counterClockwise,0.008,-0.03,25.017,0.0,0.0,25.017,0.031
modelO-rubber_2_noRotate_rotate-counterClockwise,-0.141,0.042,31.805,0.0,0.0,31.805,0.147
modelO-rubber_1_rotateLeft_up,-0.026,0.261,1.169,0.0,0.261,15,0.262
modelO-rubber_2_rotateLeft_up,-0.018,0.158,1.27,0.0,0.158,15,0.159
modelO-rubber_1_rotateLeft_up-right,0.196,0.14,1.169,0.254,0.145,15,0.241
modelO-rubber_2_rotateLeft_up-right,0.386,0.214,0.0,0.388,0.221,15,0.441
modelO-rubber_1_rotateLeft_right,0.607,0.171,0.04,0.607,0.0,15,0.631
modelO-rubber_2_rotateLeft_right,0.852,-0.011,10.84,0.852,0.0,15,0.852
modelO-rubber_1_rotateLeft_down-right,1.221,-0.239,32.916,1.065,0.606,15,1.244
modelO-rubber_2_rotateLeft_down-right,1.37,-0.01,36.87,1.175,0.669,15,1.37
modelO-rubber_1_rotateLeft_down,-0.004,-0.416,6.995,0.0,-0.416,15,0.416
modelO-rubber_2_rotateLeft_down,-0.028,-0.362,4.574,0.0,-0.362,15,0.363
modelO-rubber_1_rotateLeft_down-left,-1.314,-0.08,38.882,1.126,0.641,15,1.316
modelO-rubber_2_rotateLeft_down-left,-1.105,-0.191,28.142,1.119,0.637,15,1.121
modelO-rubber_1_rotateLeft_left,-0.672,-0.005,11.483,-0.672,0.0,15,0.672
modelO-rubber_2_rotateLeft_left,-0.859,-0.111,9.511,-0.859,0.0,15,0.866
modelO-rubber_1_rotateLeft_up-left,-0.217,0.029,1.219,0.25,0.142,15,0.219
modelO-rubber_2_rotateLeft_up-left,-0.32,0.081,8.454,0.349,0.199,15,0.33
modelO-rubber_1_rotateRight_up,-0.036,0.146,1.27,0.0,0.146,15,0.15
modelO-rubber_2_rotateRight_up,0.01,0.273,2.438,0.0,0.273,15,0.273
modelO-rubber_1_rotateRight_up-right,0.128,0.134,1.219,0.346,0.197,15,0.185
modelO-rubber_2_rotateRight_up-right,0.195,0.226,4.673,0.298,0.17,15,0.298
modelO-rubber_1_rotateRight_right,0.593,0.121,1.169,0.593,0.0,15,0.605
modelO-rubber_2_rotateRight_right,0.812,-0.018,10.408,0.812,0.0,15,0.812
modelO-rubber_1_rotateRight_down-right,1.187,-0.145,33.366,1.047,0.596,15,1.196
modelO-rubber_2_rotateRight_down-right,0.94,-0.275,44.395,0.84,0.478,15,0.979
modelO-rubber_1_rotateRight_down,0.012,-0.273,1.167,0.0,-0.273,15,0.273
modelO-rubber_2_rotateRight_down,-0.143,-0.525,9.189,0.0,-0.525,15,0.544
modelO-rubber_1_rotateRight_down-left,-1.385,-0.084,41.024,1.188,0.676,15,1.388
modelO-rubber_2_rotateRight_down-left,-1.36,-0.077,45.0,1.169,0.666,15,1.362
modelO-rubber_1_rotateRight_left,-0.833,0.122,9.462,-0.833,0.0,15,0.842
modelO-rubber_2_rotateRight_left,-0.776,-0.094,14.242,-0.776,0.0,15,0.782
modelO-rubber_1_rotateRight_up-left,-0.3,0.209,8.471,0.322,0.183,15,0.366
modelO-rubber_2_rotateRight_up-left,-0.308,0.248,14.432,0.348,0.198,15,0.395
modelO-pin-noStopper_1_noRotate_up,0.044,0.349,1.169,0.0,0.349,0,0.352
modelO-pin-noStopper_2_noRotate_up,-0.015,0.261,4.764,0.0,0.261,0,0.261
modelO-pin-noStopper_1_noRotate_up-right,0.187,0.197,1.169,0.242,0.138,0,0.272
modelO-pin-noStopper_2_noRotate_up-right,0.379,0.149,2.386,0.395,0.225,0,0.407
modelO-pin-noStopper_1_noRotate_right,0.52,-0.032,0.0,0.52,0.0,0,0.521
modelO-pin-noStopper_2_noRotate_right,0.778,0.124,0.0,0.778,0.0,0,0.788
modelO-pin-noStopper_1_noRotate_down-right,0.658,-0.391,0.0,0.748,0.426,0,0.765
modelO-pin-noStopper_2_noRotate_down-right,1.187,-0.179,34.992,1.025,0.583,0,1.2
modelO-pin-noStopper_1_noRotate_down,0.007,-0.309,1.169,0.0,-0.309,0,0.309
modelO-pin-noStopper_2_noRotate_down,0.017,-0.303,1.169,0.0,-0.303,0,0.303
modelO-pin-noStopper_1_noRotate_down-left,-0.781,-0.402,5.826,0.763,0.435,0,0.878
modelO-pin-noStopper_2_noRotate_down-left,-1.468,-0.203,53.839,1.263,0.719,0,1.482
modelO-pin-noStopper_1_noRotate_left,-0.615,-0.116,1.123,-0.615,0.0,0,0.626
modelO-pin-noStopper_2_noRotate_left,-0.641,-0.051,13.434,-0.641,0.0,0,0.643
modelO-pin-noStopper_1_noRotate_up-left,-0.155,0.086,3.46,0.209,0.119,0,0.177
modelO-pin-noStopper_2_noRotate_up-left,-0.318,0.275,11.768,0.39,0.222,0,0.42
modelO-pin-noStopper_1_noRotate_rotate-clockwise,0.098,-0.058,19.604,0.0,0.0,19.604,0.114
modelO-pin-noStopper_2_noRotate_rotate-clockwise,0.018,-0.038,26.67,0.0,0.0,26.67,0.042
modelO-pin-noStopper_1_noRotate_rotate-counterClockwise,-0.035,0.057,26.764,0.0,0.0,26.764,0.067
modelO-pin-noStopper_2_noRotate_rotate-counterClockwise,0.154,0.078,14.292,0.0,0.0,14.292,0.173
modelO-pin-noStopper_1_rotateLeft_up,0.015,0.205,1.219,0.0,0.205,15,0.206
modelO-pin-noStopper_2_rotateLeft_up,-0.013,0.14,1.219,0.0,0.14,15,0.141
modelO-pin-noStopper_1_rotateLeft_up-right,0.225,0.209,11.768,0.299,0.17,15,0.307
modelO-pin-noStopper_2_rotateLeft_up-right,0.282,0.153,1.169,0.413,0.235,15,0.321
modelO-pin-noStopper_1_rotateLeft_right,0.573,0.153,10.84,0.573,0.0,15,0.593
modelO-pin-noStopper_2_rotateLeft_right,0.755,-0.089,4.677,0.755,0.0,15,0.76
modelO-pin-noStopper_1_rotateLeft_down-right,1.117,-0.12,35.215,1.073,0.611,15,1.123
modelO-pin-noStopper_2_rotateLeft_down-right,1.056,-0.109,33.024,1.142,0.65,15,1.062
modelO-pin-noStopper_1_rotateLeft_down,-0.024,-0.247,0.0,0.0,-0.247,15,0.248
modelO-pin-noStopper_2_rotateLeft_down,-0.013,-0.093,0.02,0.0,-0.093,15,0.094
modelO-pin-noStopper_1_rotateLeft_down-left,-1.071,-0.145,33.69,0.951,0.542,15,1.081
modelO-pin-noStopper_2_rotateLeft_down-left,-1.243,-0.207,56.31,1.103,0.628,15,1.26
modelO-pin-noStopper_1_rotateLeft_left,-0.397,0.038,7.125,-0.397,0.0,15,0.399
modelO-pin-noStopper_2_rotateLeft_left,-0.598,-0.06,12.479,-0.598,0.0,15,0.601
modelO-pin-noStopper_1_rotateLeft_up-left,-0.096,0.218,2.338,0.219,0.124,15,0.238
modelO-pin-noStopper_2_rotateLeft_up-left,-0.227,0.125,1.169,0.229,0.131,15,0.259
modelO-pin-noStopper_1_rotateRight_up,-0.011,0.16,1.169,0.0,0.16,15,0.16
modelO-pin-noStopper_2_rotateRight_up,0.041,0.193,2.338,0.0,0.193,15,0.197
modelO-pin-noStopper_1_rotateRight_up-right,0.171,0.129,1.169,0.198,0.113,15,0.214
modelO-pin-noStopper_2_rotateRight_up-right,0.395,0.228,0.0,0.398,0.226,15,0.456
modelO-pin-noStopper_1_rotateRight_right,0.578,0.032,2.386,0.578,0.0,15,0.579
modelO-pin-noStopper_2_rotateRight_right,0.835,-0.095,12.235,0.835,0.0,15,0.84
modelO-pin-noStopper_1_rotateRight_down-right,1.081,-0.016,34.992,1.078,0.614,15,1.081
modelO-pin-noStopper_2_rotateRight_down-right,1.361,-0.222,31.192,1.188,0.676,15,1.379
modelO-pin-noStopper_1_rotateRight_down,-0.007,-0.056,3.652,0.0,-0.056,15,0.056
modelO-pin-noStopper_2_rotateRight_down,-0.063,-0.21,1.169,0.0,-0.21,15,0.219
modelO-pin-noStopper_1_rotateRight_down-left,-1.236,-0.264,33.998,1.081,0.616,15,1.264
modelO-pin-noStopper_2_rotateRight_down-left,-1.16,-0.296,22.891,1.05,0.598,15,1.197
modelO-pin-noStopper_1_rotateRight_left,-0.622,-0.004,4.739,-0.622,0.0,15,0.622
modelO-pin-noStopper_2_rotateRight_left,-0.857,0.04,21.865,-0.857,0.0,15,0.858
modelO-pin-noStopper_1_rotateRight_up-left,-0.271,0.01,1.219,0.497,0.283,15,0.271
modelO-pin-noStopper_2_rotateRight_up-left,-0.263,0.151,5.826,0.365,0.208,15,0.303
modelO-pin-stopper_1_noRotate_up,0.043,0.34,1.169,0.0,0.34,0,0.343
modelO-pin-stopper_2_noRotate_up,0.026,0.301,0.0,0.0,0.301,0,0.302
modelO-pin-stopper_1_noRotate_up-right,0.152,0.128,2.386,0.182,0.104,0,0.199
modelO-pin-stopper_2_noRotate_up-right,0.402,0.121,2.386,0.374,0.213,0,0.42
modelO-pin-stopper_1_noRotate_right,0.507,-0.018,6.995,0.507,0.0,0,0.507
modelO-pin-stopper_2_noRotate_right,0.641,0.043,16.927,0.641,0.0,0,0.642
modelO-pin-stopper_1_noRotate_down-right,0.591,-0.346,0.0,0.596,0.339,0,0.685
modelO-pin-stopper_2_noRotate_down-right,1.202,-0.176,38.089,1.192,0.679,0,1.215
modelO-pin-stopper_1_noRotate_down,-0.04,-0.266,0.0,0.0,-0.266,0,0.269
modelO-pin-stopper_2_noRotate_down,-0.017,-0.224,2.386,0.0,-0.224,0,0.225
modelO-pin-stopper_1_noRotate_down-left,-0.546,-0.382,1.169,0.583,0.332,0,0.666
modelO-pin-stopper_2_noRotate_down-left,-1.184,-0.003,41.73,1.205,0.686,0,1.184
modelO-pin-stopper_1_noRotate_left,-0.699,0.027,14.292,-0.699,0.0,0,0.7
modelO-pin-stopper_2_noRotate_left,-0.721,-0.061,5.906,-0.721,0.0,0,0.724
modelO-pin-stopper_1_noRotate_up-left,-0.211,0.171,0.0,0.35,0.199,0,0.272
modelO-pin-stopper_2_noRotate_up-left,-0.296,0.203,1.219,0.355,0.202,0,0.359
modelO-pin-stopper_1_noRotate_rotate-clockwise,-0.077,0.027,12.265,0.0,0.0,12.265,0.082
modelO-pin-stopper_2_noRotate_rotate-clockwise,0.147,0.048,7.005,0.0,0.0,7.005,0.155
modelO-pin-stopper_1_noRotate_rotate-counterClockwise,0.055,-0.176,16.113,0.0,0.0,16.113,0.184
modelO-pin-stopper_2_noRotate_rotate-counterClockwise,-0.03,-0.122,19.179,0.0,0.0,19.179,0.126
modelO-pin-stopper_1_rotateLeft_up,0.034,0.078,1.169,0.0,0.078,15,0.085
modelO-pin-stopper_2_rotateLeft_up,0.066,0.087,1.169,0.0,0.087,15,0.109
modelO-pin-stopper_1_rotateLeft_up-right,0.233,0.139,1.219,0.293,0.167,15,0.271
modelO-pin-stopper_2_rotateLeft_up-right,0.335,0.103,4.657,0.317,0.181,15,0.35
modelO-pin-stopper_1_rotateLeft_right,0.538,-0.132,2.338,0.538,0.0,15,0.554
modelO-pin-stopper_2_rotateLeft_right,0.798,0.034,15.461,0.798,0.0,15,0.799
modelO-pin-stopper_1_rotateLeft_down-right,0.622,-0.446,0.0,0.731,0.416,15,0.765
modelO-pin-stopper_2_rotateLeft_down-right,1.268,-0.128,49.536,1.315,0.749,15,1.274
modelO-pin-stopper_1_rotateLeft_down,-0.008,-0.222,2.338,0.0,-0.222,15,0.222
modelO-pin-stopper_2_rotateLeft_down,-0.004,-0.098,3.545,0.0,-0.098,15,0.098
modelO-pin-stopper_1_rotateLeft_down-left,-1.18,-0.038,35.924,1.005,0.572,15,1.181
modelO-pin-stopper_2_rotateLeft_down-left,-1.324,-0.18,46.685,1.158,0.659,15,1.336
modelO-pin-stopper_1_rotateLeft_left,-0.576,0.026,7.125,-0.576,0.0,15,0.577
modelO-pin-stopper_2_rotateLeft_left,-0.782,-0.111,17.7,-0.782,0.0,15,0.79
modelO-pin-stopper_1_rotateLeft_up-left,-0.187,0.096,2.334,0.228,0.13,15,0.21
modelO-pin-stopper_2_rotateLeft_up-left,-0.13,0.135,1.169,0.301,0.171,15,0.187
modelO-pin-stopper_1_rotateRight_up,0.024,0.108,2.386,0.0,0.108,15,0.111
modelO-pin-stopper_2_rotateRight_up,0.012,0.17,3.801,0.0,0.17,15,0.17
modelO-pin-stopper_1_rotateRight_up-right,0.133,0.087,1.169,0.227,0.129,15,0.159
modelO-pin-stopper_2_rotateRight_up-right,0.307,0.198,0.0,0.327,0.186,15,0.365
modelO-pin-stopper_1_rotateRight_right,0.847,-0.008,13.173,0.847,0.0,15,0.847
modelO-pin-stopper_2_rotateRight_right,0.795,0.023,6.072,0.795,0.0,15,0.795
modelO-pin-stopper_1_rotateRight_down-right,1.365,-0.121,48.468,1.167,0.665,15,1.37
modelO-pin-stopper_2_rotateRight_down-right,1.126,-0.257,25.008,1.261,0.718,15,1.155
modelO-pin-stopper_1_rotateRight_down,-0.007,-0.154,2.338,0.0,-0.154,15,0.154
modelO-pin-stopper_2_rotateRight_down,0.077,-0.159,1.169,0.0,-0.159,15,0.177
modelO-pin-stopper_1_rotateRight_down-left,-0.993,-0.241,29.739,1.016,0.578,15,1.022
modelO-pin-stopper_2_rotateRight_down-left,-1.334,-0.096,50.933,1.143,0.651,15,1.337
modelO-pin-stopper_1_rotateRight_left,-0.743,0.028,9.866,-0.743,0.0,15,0.744
modelO-pin-stopper_2_rotateRight_left,-0.581,0.107,16.793,-0.581,0.0,15,0.591
modelO-pin-stopper_1_rotateRight_up-left,-0.171,0.166,2.595,0.214,0.122,15,0.238
modelO-pin-stopper_2_rotateRight_up-left,-0.183,0.205,5.956,0.253,0.144,15,0.275
modelK-pin_1_noRotate_up,0.089,0.328,1.169,0.0,0.328,0,0.34
modelK-pin_2_noRotate_up,0.096,0.24,1.219,0.0,0.24,0,0.258
modelK-pin_1_noRotate_up-right,0.184,0.195,0.0,0.237,0.136,0,0.268
modelK-pin_2_noRotate_up-right,0.269,0.127,5.743,0.331,0.19,0,0.297
modelK-pin_1_noRotate_right,0.845,-0.03,8.294,0.845,0.0,0,0.846
modelK-pin_2_noRotate_right,0.562,-0.05,3.555,0.562,0.0,0,0.564
modelK-pin_1_noRotate_down-right,1.242,-0.187,33.294,1.072,0.616,0,1.256
modelK-pin_2_noRotate_down-right,1.178,-0.01,40.101,1.078,0.62,0,1.178
modelK-pin_1_noRotate_down,0.02,-0.417,1.219,0.0,-0.417,0,0.417
modelK-pin_2_noRotate_down,0.197,-0.269,0.0,0.0,-0.269,0,0.333
modelK-pin_1_noRotate_down-left,-1.354,-0.195,37.553,1.227,0.706,0,1.368
modelK-pin_2_noRotate_down-left,-1.087,-0.117,38.66,1.062,0.611,0,1.093
modelK-pin_1_noRotate_left,-0.699,0.04,16.531,-0.699,0.0,0,0.7
modelK-pin_2_noRotate_left,-0.655,-0.022,17.7,-0.655,0.0,0,0.655
modelK-pin_1_noRotate_up-left,-0.371,0.266,3.555,0.425,0.244,0,0.457
modelK-pin_2_noRotate_up-left,-0.285,0.235,1.219,0.324,0.186,0,0.369
modelK-pin_1_noRotate_rotate-clockwise,0.068,-0.097,17.429,0.0,0.0,17.429,0.118
modelK-pin_2_noRotate_rotate-clockwise,-0.084,-0.09,32.929,0.0,0.0,32.929,0.123
modelK-pin_1_noRotate_rotate-counterClockwise,0.059,0.071,22.891,0.0,0.0,22.891,0.092
modelK-pin_2_noRotate_rotate-counterClockwise,0.136,-0.079,16.26,0.0,0.0,16.26,0.157
modelK-pin_1_rotateLeft_up,-0.004,0.148,2.045,0.0,0.148,15,0.148
modelK-pin_2_rotateLeft_up,-0.013,0.158,1.219,0.0,0.158,15,0.159
modelK-pin_1_rotateLeft_up-right,0.106,0.252,1.004,0.283,0.163,15,0.273
modelK-pin_2_rotateLeft_up-right,0.263,0.065,2.338,0.232,0.133,15,0.271
modelK-pin_1_rotateLeft_right,0.495,0.054,3.013,0.495,0.0,15,0.498
modelK-pin_2_rotateLeft_right,0.577,-0.113,20.556,0.577,0.0,15,0.588
modelK-pin_1_rotateLeft_down-right,1.049,-0.322,29.476,1.038,0.597,15,1.097
modelK-pin_2_rotateLeft_down-right,1.106,-0.273,22.62,1.042,0.599,15,1.139
modelK-pin_1_rotateLeft_down,-0.089,-0.057,4.281,0.0,-0.057,15,0.106
modelK-pin_2_rotateLeft_down,0.039,-0.162,1.169,0.0,-0.162,15,0.167
modelK-pin_1_rotateLeft_down-left,-0.862,-0.139,46.042,1.007,0.579,15,0.873
modelK-pin_2_rotateLeft_down-left,-1.304,-0.256,20.556,1.134,0.652,15,1.329
modelK-pin_1_rotateLeft_left,-0.439,-0.012,12.171,-0.439,0.0,15,0.439
modelK-pin_2_rotateLeft_left,-0.654,-0.029,6.961,-0.654,0.0,15,0.655
modelK-pin_1_rotateLeft_up-left,-0.209,0.102,1.077,0.262,0.15,15,0.233
modelK-pin_2_rotateLeft_up-left,-0.285,0.133,2.438,0.271,0.156,15,0.315
modelK-pin_1_rotateRight_up,0.009,0.066,1.169,0.0,0.066,15,0.067
modelK-pin_2_rotateRight_up,0.022,0.179,1.169,0.0,0.179,15,0.18
modelK-pin_1_rotateRight_up-right,0.141,0.182,2.388,0.361,0.208,15,0.23
modelK-pin_2_rotateRight_up-right,0.377,0.086,0.04,0.388,0.223,15,0.387
modelK-pin_1_rotateRight_right,0.839,0.102,19.885,0.839,0.0,15,0.845
modelK-pin_2_rotateRight_right,0.823,-0.061,17.429,0.823,0.0,15,0.825
modelK-pin_1_rotateRight_down-right,1.019,-0.058,21.775,0.985,0.567,15,1.021
modelK-pin_2_rotateRight_down-right,1.221,-0.121,54.535,1.117,0.642,15,1.227
modelK-pin_1_rotateRight_down,0.003,-0.093,0.0,0.0,-0.093,15,0.093
modelK-pin_2_rotateRight_down,0.038,-0.152,1.169,0.0,-0.152,15,0.157
modelK-pin_1_rotateRight_down-left,-0.879,-0.228,11.483,0.797,0.458,15,0.908
modelK-pin_2_rotateRight_down-left,-1.274,-0.087,32.521,1.1,0.632,15,1.277
modelK-pin_1_rotateRight_left,-0.658,0.077,5.906,-0.658,0.0,15,0.662
modelK-pin_2_rotateRight_left,-0.845,-0.111,15.091,-0.845,0.0,15,0.852
modelK-pin_1_rotateRight_up-left,-0.34,0.067,1.169,0.393,0.226,15,0.347
modelK-pin_2_rotateRight_up-left,-0.425,0.119,1.169,0.378,0.217,15,0.441
2link-v-2link_1_noRotate_up,0.017,0.314,3.309,0.0,0.314,0,0.314
2link-v-2link_2_noRotate_up,0.006,0.342,0.0,0.0,0.342,0,0.342
2link-v-2link_1_noRotate_up-right,0.294,0.243,1.076,0.351,0.182,0,0.381
2link-v-2link_2_noRotate_up-right,0.256,0.26,4.552,0.344,0.179,0,0.365
2link-v-2link_1_noRotate_right,0.632,-0.049,2.243,0.632,0.0,0,0.634
2link-v-2link_2_noRotate_right,0.865,0.258,24.622,0.865,0.0,0,0.903
2link-v-2link_1_noRotate_down-right,0.294,-0.123,11.31,0.28,0.145,0,0.319
2link-v-2link_2_noRotate_down-right,0.402,-0.156,7.89,0.397,0.206,0,0.431
2link-v-2link_1_noRotate_down,0.101,-0.254,12.653,0.0,-0.254,0,0.273
2link-v-2link_2_noRotate_down,-0.033,-0.19,3.476,0.0,-0.19,0,0.193
2link-v-2link_1_noRotate_down-left,-0.361,-0.243,10.214,0.419,0.217,0,0.435
2link-v-2link_2_noRotate_down-left,-0.513,-0.248,5.697,0.523,0.272,0,0.57
2link-v-2link_1_noRotate_left,-0.643,-0.024,0.0,-0.643,0.0,0,0.643
2link-v-2link_2_noRotate_left,-0.847,0.233,15.137,-0.847,0.0,0,0.878
2link-v-2link_1_noRotate_up-left,-0.293,0.249,0.0,0.366,0.19,0,0.385
2link-v-2link_2_noRotate_up-left,-0.346,0.317,4.49,0.456,0.237,0,0.469
2link-v-2link_1_noRotate_rotate-clockwise,0.039,-0.04,27.487,0.0,0.0,27.487,0.056
2link-v-2link_2_noRotate_rotate-clockwise,0.074,0.019,34.813,0.0,0.0,34.813,0.076
2link-v-2link_1_noRotate_rotate-counterClockwise,0.044,-0.025,21.679,0.0,0.0,21.679,0.051
2link-v-2link_2_noRotate_rotate-counterClockwise,-0.041,0.008,16.519,0.0,0.0,16.519,0.042
2link-v-2link_1_rotateLeft_up,0.001,0.326,1.123,0.0,0.326,15,0.326
2link-v-2link_2_rotateLeft_up,-0.031,0.162,6.723,0.0,0.162,15,0.165
2link-v-2link_1_rotateLeft_up-right,0.274,0.294,7.967,0.383,0.199,15,0.402
2link-v-2link_2_rotateLeft_up-right,0.275,0.125,4.49,0.268,0.139,15,0.302
2link-v-2link_1_rotateLeft_right,0.707,-0.14,11.529,0.707,0.0,15,0.721
2link-v-2link_2_rotateLeft_right,0.517,-0.004,4.49,0.517,0.0,15,0.517
2link-v-2link_1_rotateLeft_down-right,0.33,-0.087,11.31,0.327,0.17,15,0.341
2link-v-2link_2_rotateLeft_down-right,0.361,-0.17,6.723,0.354,0.184,15,0.399
2link-v-2link_1_rotateLeft_down,-0.03,-0.069,4.476,0.0,-0.069,15,0.075
2link-v-2link_2_rotateLeft_down,0.043,-0.088,1.076,0.0,-0.088,15,0.098
2link-v-2link_1_rotateLeft_down-left,-0.414,-0.082,1.123,0.388,0.202,15,0.422
2link-v-2link_2_rotateLeft_down-left,-0.429,-0.152,2.203,0.491,0.255,15,0.455
2link-v-2link_1_rotateLeft_left,-0.429,-0.139,29.265,-0.429,0.0,15,0.451
2link-v-2link_2_rotateLeft_left,-0.427,0.24,31.002,-0.427,0.0,15,0.49
2link-v-2link_1_rotateLeft_up-left,-0.262,0.287,11.529,0.369,0.192,15,0.389
2link-v-2link_2_rotateLeft_up-left,-0.212,0.231,1.076,0.339,0.176,15,0.314
2link-v-2link_1_rotateRight_up,-0.043,0.193,8.939,0.0,0.193,15,0.198
2link-v-2link_2_rotateRight_up,-0.03,0.153,4.49,0.0,0.153,15,0.156
2link-v-2link_1_rotateRight_up-right,0.215,0.213,7.967,0.339,0.176,15,0.303
2link-v-2link_2_rotateRight_up-right,0.157,0.173,13.735,0.223,0.116,15,0.234
2link-v-2link_1_rotateRight_right,0.71,-0.276,19.885,0.71,0.0,15,0.762
2link-v-2link_2_rotateRight_right,0.378,0.197,28.61,0.378,0.0,15,0.426
2link-v-2link_1_rotateRight_down-right,0.297,-0.142,2.243,0.291,0.151,15,0.329
2link-v-2link_2_rotateRight_down-right,0.326,-0.198,5.719,0.355,0.184,15,0.381
2link-v-2link_1_rotateRight_down,0.043,-0.116,9.284,0.0,-0.116,15,0.124
2link-v-2link_2_rotateRight_down,-0.006,-0.18,2.243,0.0,-0.18,15,0.18
2link-v-2link_1_rotateRight_down-left,-0.433,-0.227,15.137,0.464,0.241,15,0.489
2link-v-2link_2_rotateRight_down-left,-0.321,-0.199,13.735,0.34,0.177,15,0.378
2link-v-2link_1_rotateRight_left,-0.527,0.091,9.284,-0.527,0.0,15,0.535
2link-v-2link_2_rotateRight_left,-0.523,-0.158,11.529,-0.523,0.0,15,0.546
2link-v-2link_1_rotateRight_up-left,-0.355,0.194,0.0,0.362,0.188,15,0.405
2link-v-2link_2_rotateRight_up-left,-0.331,0.304,3.309,0.418,0.217,15,0.449
2link-v-3link_1_noRotate_up,-0.023,0.365,2.243,0.0,0.365,0,0.366
2link-v-3link_2_noRotate_up,0.027,0.361,1.123,0.0,0.361,0,0.362
2link-v-3link_1_noRotate_up-right,0.3,0.28,4.476,0.382,0.198,0,0.41
2link-v-3link_2_noRotate_up-right,0.374,0.315,7.967,0.46,0.239,0,0.489
2link-v-3link_1_noRotate_right,0.721,-0.133,11.529,0.721,0.0,0,0.733
2link-v-3link_2_noRotate_right,0.92,-0.301,30.636,0.92,0.0,0,0.968
2link-v-3link_1_noRotate_down-right,1.262,-0.431,59.099,1.166,0.606,0,1.334
2link-v-3link_2_noRotate_down-right,0.395,-0.128,2.243,0.385,0.2,0,0.415
2link-v-3link_1_noRotate_down,0.059,-0.184,13.735,0.0,-0.184,0,0.193
2link-v-3link_2_noRotate_down,0.118,-0.29,16.519,0.0,-0.29,0,0.313
2link-v-3link_1_noRotate_down-left,-0.188,-0.36,21.371,0.526,0.273,0,0.406
2link-v-3link_2_noRotate_down-left,-0.142,-0.466,31.297,0.49,0.255,0,0.487
2link-v-3link_1_noRotate_left,-0.801,-0.309,18.762,-0.801,0.0,0,0.859
2link-v-3link_2_noRotate_left,-0.492,0.025,3.414,-0.492,0.0,0,0.493
2link-v-3link_1_noRotate_up-left,-0.369,0.277,1.123,0.427,0.222,0,0.461
2link-v-3link_2_noRotate_up-left,-0.375,0.333,9.133,0.488,0.254,0,0.502
2link-v-3link_1_noRotate_rotate-clockwise,0.059,-0.014,30.636,0.0,0.0,30.636,0.061
2link-v-3link_2_noRotate_rotate-clockwise,0.035,0.0,31.002,0.0,0.0,31.002,0.035
2link-v-3link_1_noRotate_rotate-counterClockwise,-0.024,-0.052,24.622,0.0,0.0,24.622,0.057
2link-v-3link_2_noRotate_rotate-counterClockwise,-0.117,-0.119,20.709,0.0,0.0,20.709,0.167
2link-v-3link_1_rotateLeft_up,0.051,0.181,13.601,0.0,0.181,15,0.188
2link-v-3link_2_rotateLeft_up,0.002,0.172,1.167,0.0,0.172,15,0.172
2link-v-3link_1_rotateLeft_up-right,0.172,0.147,7.815,0.279,0.145,15,0.226
2link-v-3link_2_rotateLeft_up-right,0.304,0.226,3.414,0.349,0.181,15,0.379
2link-v-3link_1_rotateLeft_right,0.389,0.13,15.982,0.389,0.0,15,0.41
2link-v-3link_2_rotateLeft_right,0.422,0.097,10.214,0.422,0.0,15,0.433
2link-v-3link_1_rotateLeft_down-right,1.094,-0.196,50.396,1.089,0.565,15,1.111
2link-v-3link_2_rotateLeft_down-right,0.242,-0.133,2.247,0.252,0.131,15,0.276
2link-v-3link_1_rotateLeft_down,0.106,-0.146,14.859,0.0,-0.146,15,0.18
2link-v-3link_2_rotateLeft_down,-0.045,-0.013,11.381,0.0,-0.013,15,0.047
2link-v-3link_1_rotateLeft_down-left,-0.421,-0.012,10.408,0.411,0.213,15,0.421
2link-v-3link_2_rotateLeft_down-left,-0.201,-0.003,11.531,0.279,0.145,15,0.201
2link-v-3link_1_rotateLeft_left,-0.433,-0.312,34.416,-0.433,0.0,15,0.534
2link-v-3link_2_rotateLeft_left,-0.273,-0.136,18.762,-0.273,0.0,15,0.305
2link-v-3link_1_rotateLeft_up-left,-0.197,0.247,15.982,0.305,0.159,15,0.316
2link-v-3link_2_rotateLeft_up-left,-0.261,0.292,6.888,0.419,0.218,15,0.392
2link-v-3link_1_rotateRight_up,-0.007,0.322,1.167,0.0,0.322,15,0.322
2link-v-3link_2_rotateRight_up,-0.046,0.165,5.724,0.0,0.165,15,0.171
2link-v-3link_1_rotateRight_up-right,0.17,0.203,12.913,0.267,0.138,15,0.265
2link-v-3link_2_rotateRight_up-right,0.261,0.282,12.433,0.375,0.195,15,0.384
2link-v-3link_1_rotateRight_right,0.724,-0.212,18.762,0.724,0.0,15,0.754
2link-v-3link_2_rotateRight_right,0.69,-0.267,27.072,0.69,0.0,15,0.74
2link-v-3link_1_rotateRight_down-right,1.183,-0.305,48.64,1.055,0.548,15,1.222
2link-v-3link_2_rotateRight_down-right,0.156,-0.068,19.558,0.162,0.084,15,0.17
2link-v-3link_1_rotateRight_down,0.049,-0.115,13.97,0.0,-0.115,15,0.125
2link-v-3link_2_rotateRight_down,0.103,-0.181,26.683,0.0,-0.181,15,0.208
2link-v-3link_1_rotateRight_down-left,-0.182,-0.235,18.762,0.285,0.148,15,0.297
2link-v-3link_2_rotateRight_down-left,-0.032,-0.385,49.394,0.509,0.264,15,0.386
2link-v-3link_1_rotateRight_left,-0.598,0.163,9.284,-0.598,0.0,15,0.62
2link-v-3link_2_rotateRight_left,-0.384,-0.183,14.859,-0.384,0.0,15,0.425
2link-v-3link_1_rotateRight_up-left,-0.309,0.193,3.451,0.33,0.171,15,0.364
2link-v-3link_2_rotateRight_up-left,-0.159,0.103,10.187,0.174,0.09,15,0.189
3link-v-3link_1_noRotate_up,-0.064,0.43,3.451,0.0,0.43,0,0.435
3link-v-3link_2_noRotate_up,0.024,0.391,1.076,0.0,0.391,0,0.392
3link-v-3link_1_noRotate_up-right,0.25,0.269,4.476,0.351,0.182,0,0.367
3link-v-3link_2_noRotate_up-right,0.337,0.295,9.09,0.533,0.277,0,0.448
3link-v-3link_1_noRotate_right,0.85,-0.008,4.49,0.85,0.0,0,0.85
3link-v-3link_2_noRotate_right,0.989,-0.332,28.759,0.989,0.0,0,1.043
3link-v-3link_1_noRotate_down-right,1.036,-0.49,64.051,1.159,0.602,0,1.146
3link-v-3link_2_noRotate_down-right,1.028,-0.553,63.317,1.163,0.604,0,1.167
3link-v-3link_1_noRotate_down,-0.024,-0.197,0.0,0.0,-0.197,0,0.198
3link-v-3link_2_noRotate_down,0.038,-0.223,3.476,0.0,-0.223,0,0.226
3link-v-3link_1_noRotate_down-left,-1.031,-0.34,48.64,1.096,0.569,0,1.086
3link-v-3link_2_noRotate_down-left,-1.173,-0.493,55.851,1.133,0.588,0,1.272
3link-v-3link_1_noRotate_left,-0.922,-0.158,13.776,-0.922,0.0,0,0.935
3link-v-3link_2_noRotate_left,-1.104,-0.257,27.487,-1.104,0.0,0,1.134
3link-v-3link_1_noRotate_up-left,-0.425,0.313,4.49,0.489,0.254,0,0.528
3link-v-3link_2_noRotate_up-left,-0.38,0.265,1.079,0.442,0.229,0,0.463
3link-v-3link_1_noRotate_rotate-clockwise,-0.051,0.014,24.076,0.0,0.0,24.076,0.053
3link-v-3link_2_noRotate_rotate-clockwise,0.033,0.053,31.906,0.0,0.0,31.906,0.062
3link-v-3link_1_noRotate_rotate-counterClockwise,-0.043,-0.032,24.781,0.0,0.0,24.781,0.054
3link-v-3link_2_noRotate_rotate-counterClockwise,-0.049,-0.029,22.011,0.0,0.0,22.011,0.057
3link-v-3link_1_rotateLeft_up,0.028,0.17,14.859,0.0,0.17,15,0.172
3link-v-3link_2_rotateLeft_up,0.089,0.235,152.513,0.0,0.235,15,0.251
3link-v-3link_1_rotateLeft_up-right,0.249,0.077,10.214,0.237,0.123,15,0.261
3link-v-3link_2_rotateLeft_up-right,0.257,0.106,4.49,0.295,0.153,15,0.278
3link-v-3link_1_rotateLeft_right,0.418,0.088,10.214,0.418,0.0,15,0.427
3link-v-3link_2_rotateLeft_right,0.627,-0.133,6.723,0.627,0.0,15,0.641
3link-v-3link_1_rotateLeft_down-right,1.225,-0.343,57.875,1.099,0.571,15,1.272
3link-v-3link_2_rotateLeft_down-right,0.344,-0.2,11.182,0.356,0.185,15,0.398
3link-v-3link_1_rotateLeft_down,-0.104,-0.143,19.558,0.0,-0.143,15,0.177
3link-v-3link_2_rotateLeft_down,-0.002,-0.193,8.939,0.0,-0.193,15,0.193
3link-v-3link_1_rotateLeft_down-left,-1.287,-0.282,42.853,1.132,0.588,15,1.318
3link-v-3link_2_rotateLeft_down-left,-1.15,-0.381,53.13,1.083,0.562,15,1.211
3link-v-3link_1_rotateLeft_left,-0.864,-0.256,18.435,-0.864,0.0,15,0.901
3link-v-3link_2_rotateLeft_left,-0.956,0.402,31.399,-0.956,0.0,15,1.037
3link-v-3link_1_rotateLeft_up-left,-0.254,0.258,12.433,0.385,0.2,15,0.362
3link-v-3link_2_rotateLeft_up-left,-0.234,0.242,7.815,0.419,0.217,15,0.337
3link-v-3link_1_rotateRight_up,-0.086,0.174,15.137,0.0,0.174,15,0.194
3link-v-3link_2_rotateRight_up,0.054,0.16,13.496,0.0,0.16,15,0.169
3link-v-3link_1_rotateRight_up-right,0.152,0.245,21.008,0.28,0.145,15,0.288
3link-v-3link_2_rotateRight_up-right,0.185,0.232,13.735,0.285,0.148,15,0.297
3link-v-3link_1_rotateRight_right,0.674,-0.288,27.487,0.674,0.0,15,0.733
3link-v-3link_2_rotateRight_right,0.651,0.271,31.297,0.651,0.0,15,0.705
3link-v-3link_1_rotateRight_down-right,1.145,-0.39,52.243,1.086,0.564,15,1.21
3link-v-3link_2_rotateRight_down-right,1.154,-0.451,58.703,1.111,0.577,15,1.239
3link-v-3link_1_rotateRight_down,-0.126,-0.15,17.384,0.0,-0.15,15,0.196
3link-v-3link_2_rotateRight_down,-0.044,-0.197,24.622,0.0,-0.197,15,0.202
3link-v-3link_1_rotateRight_down-left,-0.986,-0.365,47.147,1.091,0.566,15,1.051
3link-v-3link_2_rotateRight_down-left,-0.264,-0.379,30.813,0.505,0.262,15,0.462
3link-v-3link_1_rotateRight_left,-0.664,0.123,7.007,-0.664,0.0,15,0.675
3link-v-3link_2_rotateRight_left,-0.558,-0.231,12.653,-0.558,0.0,15,0.604
3link-v-3link_1_rotateRight_up-left,-0.276,0.232,3.451,0.385,0.2,15,0.361
3link-v-3link_2_rotateRight_up-left,-0.191,0.156,7.89,0.24,0.125,15,0.247
